service_date,start_time,trip_id,vehicle_id,route_id,direction_id,stop_id,stop_sequence,move_timestamp,stop_timestamp,scheduled_arrival_time,scheduled_departure_time
20260818,24060,77154456,B-548B4346,Blue,True,70060,110,1787050913,1787051009,25200,25200
20260818,24120,77154490,B-548B435B,Blue,False,70041,90,1787050806,1787050844,25080,25080
20260818,24120,77154490,B-548B435B,Blue,False,70039,100,1787050899,1787050931,25200,25200
20260818,24120,77154490,B-548B435B,Blue,False,70838,110,1787050993,1787051030,25320,25320
20260818,24300,77154463,B-548B434C,Blue,True,70056,90,1787050848,1787050896,25200,25200
20260818,24300,77154463,B-548B434C,Blue,True,70058,100,1787050927,1787050998,25320,25320
20260818,24300,77154463,B-548B434C,Blue,True,70060,110,1787051034,1787051277,25440,25440
20260818,24360,77154496,B-548B406D,Blue,False,70043,80,1787050931,1787051021,25260,25260
20260818,24360,77154496,B-548B406D,Blue,False,70041,90,1787051073,1787051101,25320,25320
20260818,24360,77154496,B-548B406D,Blue,False,70039,100,1787051151,1787051185,25440,25440
20260818,24360,77154496,B-548B406D,Blue,False,70838,110,1787051240,1787051275,25560,25560
20260818,24600,77154468,B-548B434D,Blue,True,70054,80,1787050896,1787050983,25380,25380
20260818,24600,77154468,B-548B434D,Blue,True,70056,90,1787051017,1787051064,25500,25500
20260818,24600,77154468,B-548B434D,Blue,True,70058,100,1787051095,1787051274,25620,25620
20260818,24600,77154468,B-548B434D,Blue,True,70060,110,1787051312,1787051448,25740,25740
20260818,24660,77154431,B-548B3AF1,Blue,False,70047,60,1787050930,1787050982,25260,25260
20260818,24660,77154431,B-548B3AF1,Blue,False,70045,70,1787051022,1787051111,25380,25380
20260818,24660,77154431,B-548B3AF1,Blue,False,70043,80,1787051160,1787051242,25560,25560
20260818,24660,77154431,B-548B3AF1,Blue,False,70041,90,1787051284,1787051312,25620,25620
20260818,24660,77154431,B-548B3AF1,Blue,False,70039,100,1787051368,1787051404,25740,25740
20260818,24660,77154431,B-548B3AF1,Blue,False,70838,110,1787051458,1787051492,25860,25860
20260818,24840,77154474,B-548B434F,Blue,True,70048,50,1787050850,1787050934,25320,25320
20260818,24840,77154474,B-548B434F,Blue,True,70050,60,1787050977,1787051036,25440,25440
20260818,24840,77154474,B-548B434F,Blue,True,70052,70,1787051074,1787051180,25560,25560
20260818,24840,77154474,B-548B434F,Blue,True,70054,80,1787051216,1787051295,25620,25620
20260818,24840,77154474,B-548B434F,Blue,True,70056,90,1787051333,1787051381,25740,25740
20260818,24840,77154474,B-548B434F,Blue,True,70058,100,1787051417,1787051489,25860,25860
20260818,24840,77154474,B-548B434F,Blue,True,70060,110,1787051537,1787051616,25980,25980
20260818,24900,77154439,B-548B4338,Blue,False,70051,40,1787050855,1787050944,25260,25260
20260818,24900,77154439,B-548B4338,Blue,False,70049,50,1787050994,1787051095,25380,25380
20260818,24900,77154439,B-548B4338,Blue,False,70047,60,1787051128,1787051186,25500,25500
20260818,24900,77154439,B-548B4338,Blue,False,70045,70,1787051229,1787051320,25620,25620
20260818,24900,77154439,B-548B4338,Blue,False,70043,80,1787051379,1787051475,25800,25800
20260818,24900,77154439,B-548B4338,Blue,False,70041,90,1787051516,1787051543,25860,25860
20260818,24900,77154439,B-548B4338,Blue,False,70039,100,1787051602,1787051637,25980,25980
20260818,24900,77154439,B-548B4338,Blue,False,70838,110,1787051692,1787051725,26100,26100
20260818,25080,77154482,B-548B4352,Blue,True,70044,30,1787050858,1787050889,25260,25260
20260818,25080,77154482,B-548B4352,Blue,True,70046,40,1787050925,1787051031,25440,25440
20260818,25080,77154482,B-548B4352,Blue,True,70048,50,1787051083,1787051160,25560,25560
20260818,25080,77154482,B-548B4352,Blue,True,70050,60,1787051200,1787051255,25680,25680
20260818,25080,77154482,B-548B4352,Blue,True,70052,70,1787051292,1787051398,25800,25800
20260818,25080,77154482,B-548B4352,Blue,True,70054,80,1787051436,1787051534,25860,25860
20260818,25080,77154482,B-548B4352,Blue,True,70056,90,1787051574,1787051621,25980,25980
20260818,25080,77154482,B-548B4352,Blue,True,70058,100,1787051656,1787051726,26100,26100
20260818,25080,77154482,B-548B4352,Blue,True,70060,110,1787051763,1787051827,26220,26220
20260818,25140,77154445,B-548B4340,Blue,False,70057,10,1787050915,1787050950,25200,25200
20260818,25140,77154445,B-548B4340,Blue,False,70055,20,1787050995,1787051069,25320,25320
20260818,25140,77154445,B-548B4340,Blue,False,70053,30,1787051114,1787051162,25380,25380
20260818,25140,77154445,B-548B4340,Blue,False,70051,40,1787051200,1787051294,25500,25500
20260818,25140,77154445,B-548B4340,Blue,False,70049,50,1787051357,1787051458,25620,25620
20260818,25140,77154445,B-548B4340,Blue,False,70047,60,1787051490,1787051542,25740,25740
20260818,25140,77154445,B-548B4340,Blue,False,70045,70,1787051594,1787051684,25860,25860
20260818,25140,77154445,B-548B4340,Blue,False,70043,80,1787051735,1787051819,26040,26040
20260818,25140,77154445,B-548B4340,Blue,False,70041,90,1787051863,1787051890,26100,26100
20260818,25140,77154445,B-548B4340,Blue,False,70039,100,1787051953,1787051984,26220,26220
20260818,25140,77154445,B-548B4340,Blue,False,70838,110,1787052034,1787052067,26340,26340
20260818,25380,77154486,B-548B4359,Blue,True,70040,10,1787050995,1787051011,25440,25440
20260818,25380,77154486,B-548B4359,Blue,True,70042,20,1787051065,1787051099,25500,25500
20260818,25380,77154486,B-548B4359,Blue,True,70044,30,1787051139,1787051170,25560,25560
20260818,25380,77154486,B-548B4359,Blue,True,70046,40,1787051206,1787051317,25740,25740
20260818,25380,77154486,B-548B4359,Blue,True,70048,50,1787051369,1787051447,25860,25860
20260818,25380,77154486,B-548B4359,Blue,True,70050,60,1787051484,1787051543,25980,25980
20260818,25380,77154486,B-548B4359,Blue,True,70052,70,1787051576,1787051690,26100,26100
20260818,25380,77154486,B-548B4359,Blue,True,70054,80,1787051748,1787051846,26160,26160
20260818,25380,77154486,B-548B4359,Blue,True,70056,90,1787051889,1787051936,26280,26280
20260818,25380,77154486,B-548B4359,Blue,True,70058,100,1787051976,1787052047,26400,26400
20260818,25380,77154486,B-548B4359,Blue,True,70060,110,1787052084,1787052164,26520,26520
20260818,25440,77154451,B-548B4343,Blue,False,70059,1,1787050867,1787051136,25440,25440
20260818,25440,77154451,B-548B4343,Blue,False,70057,10,1787051203,1787051238,25500,25500
20260818,25440,77154451,B-548B4343,Blue,False,70055,20,1787051304,1787051373,25620,25620
20260818,25440,77154451,B-548B4343,Blue,False,70053,30,1787051410,1787051456,25680,25680
20260818,25440,77154451,B-548B4343,Blue,False,70051,40,1787051506,1787051604,25800,25800
20260818,25440,77154451,B-548B4343,Blue,False,70049,50,1787051652,1787051752,25920,25920
20260818,25440,77154451,B-548B4343,Blue,False,70047,60,1787051790,1787051841,26040,26040
20260818,25440,77154451,B-548B4343,Blue,False,70045,70,1787051880,1787051970,26160,26160
20260818,25440,77154451,B-548B4343,Blue,False,70043,80,1787052024,1787052110,26340,26340
20260818,25440,77154451,B-548B4343,Blue,False,70041,90,1787052179,1787052207,26400,26400
20260818,25440,77154451,B-548B4343,Blue,False,70039,100,1787052269,1787052300,26520,26520
20260818,25440,77154451,B-548B4343,Blue,False,70838,110,1787052383,1787052418,26640,26640
20260818,25620,77154491,B-548B435B,Blue,True,70038,1,1787051119,1787051206,25620,25620
20260818,25620,77154491,B-548B435B,Blue,True,70040,10,1787051251,1787051266,25680,25680
20260818,25620,77154491,B-548B435B,Blue,True,70042,20,1787051324,1787051359,25740,25740
20260818,25620,77154491,B-548B435B,Blue,True,70044,30,1787051404,1787051433,25800,25800
20260818,25620,77154491,B-548B435B,Blue,True,70046,40,1787051472,1787051574,25980,25980
20260818,25620,77154491,B-548B435B,Blue,True,70048,50,1787051629,1787051704,26100,26100
20260818,25620,77154491,B-548B435B,Blue,True,70050,60,1787051744,1787051799,26220,26220
20260818,25620,77154491,B-548B435B,Blue,True,70052,70,1787051835,1787051945,26340,26340
20260818,25620,77154491,B-548B435B,Blue,True,70054,80,1787051983,1787052095,26400,26400
20260818,25620,77154491,B-548B435B,Blue,True,70056,90,1787052140,1787052189,26520,26520
20260818,25620,77154491,B-548B435B,Blue,True,70058,100,1787052230,1787052301,26640,26640
20260818,25620,77154491,B-548B435B,Blue,True,70060,110,1787052344,1787052415,26760,26760
20260818,25680,77154457,B-548B4346,Blue,False,70059,1,1787051177,1787051442,25680,25680
20260818,25680,77154457,B-548B4346,Blue,False,70057,10,1787051488,1787051523,25740,25740
20260818,25680,77154457,B-548B4346,Blue,False,70055,20,1787051559,1787051629,25860,25860
20260818,25680,77154457,B-548B4346,Blue,False,70053,30,1787051665,1787051713,25920,25920
20260818,25680,77154457,B-548B4346,Blue,False,70051,40,1787051750,1787051849,26040,26040
20260818,25680,77154457,B-548B4346,Blue,False,70049,50,1787051891,1787051992,26160,26160
20260818,25680,77154457,B-548B4346,Blue,False,70047,60,1787052028,1787052085,26280,26280
20260818,25680,77154457,B-548B4346,Blue,False,70045,70,1787052142,1787052245,26400,26400
20260818,25680,77154457,B-548B4346,Blue,False,70043,80,1787052302,1787052393,26580,26580
20260818,25680,77154457,B-548B4346,Blue,False,70041,90,1787052442,1787052474,26640,26640
20260818,25680,77154457,B-548B4346,Blue,False,70039,100,1787052524,1787052556,26760,26760
20260818,25680,77154457,B-548B4346,Blue,False,70838,110,1787052614,1787052652,26880,26880
20260818,25860,77154497,B-548B406D,Blue,True,70038,1,1787051352,1787051437,25860,25860
20260818,25860,77154497,B-548B406D,Blue,True,70040,10,1787051487,1787051505,25920,25920
20260818,25860,77154497,B-548B406D,Blue,True,70042,20,1787051570,1787051604,25980,25980
20260818,25860,77154497,B-548B406D,Blue,True,70044,30,1787051653,1787051691,26040,26040
20260818,25860,77154497,B-548B406D,Blue,True,70046,40,1787051726,1787051830,26220,26220
20260818,25860,77154497,B-548B406D,Blue,True,70048,50,1787051878,1787051959,26340,26340
20260818,25860,77154497,B-548B406D,Blue,True,70050,60,1787052006,1787052063,26460,26460
20260818,25860,77154497,B-548B406D,Blue,True,70052,70,1787052101,1787052208,26580,26580
20260818,25860,77154497,B-548B406D,Blue,True,70054,80,1787052244,1787052306,26640,26640
20260818,25860,77154497,B-548B406D,Blue,True,70056,90,1787052345,1787052391,26760,26760
20260818,25860,77154497,B-548B406D,Blue,True,70058,100,1787052425,1787052499,26880,26880
20260818,25860,77154497,B-548B406D,Blue,True,70060,110,1787052535,1787052624,27000,27000
20260818,25920,77154464,B-548B434C,Blue,False,70059,1,1787051358,1787051668,25920,25920
20260818,25920,77154464,B-548B434C,Blue,False,70057,10,1787051718,1787051752,25980,25980
20260818,25920,77154464,B-548B434C,Blue,False,70055,20,1787051789,1787051857,26100,26100
20260818,25920,77154464,B-548B434C,Blue,False,70053,30,1787051892,1787051938,26160,26160
20260818,25920,77154464,B-548B434C,Blue,False,70051,40,1787051970,1787052065,26280,26280
20260818,25920,77154464,B-548B434C,Blue,False,70049,50,1787052109,1787052208,26400,26400
20260818,25920,77154464,B-548B434C,Blue,False,70047,60,1787052242,1787052295,26520,26520
20260818,25920,77154464,B-548B434C,Blue,False,70045,70,1787052335,1787052422,26640,26640
20260818,25920,77154464,B-548B434C,Blue,False,70043,80,1787052478,1787052562,26820,26820
20260818,25920,77154464,B-548B434C,Blue,False,70041,90,1787052607,1787052635,26880,26880
20260818,25920,77154464,B-548B434C,Blue,False,70039,100,1787052683,1787052714,27000,27000
20260818,25920,77154464,B-548B434C,Blue,False,70838,110,1787052768,1787052817,27120,27120
20260818,26160,77154432,B-548B3AF1,Blue,True,70038,1,1787051569,1787051664,26160,26160
20260818,26160,77154432,B-548B3AF1,Blue,True,70040,10,1787051776,1787051792,26220,26220
20260818,26160,77154432,B-548B3AF1,Blue,True,70042,20,1787051831,1787051865,26280,26280
20260818,26160,77154432,B-548B3AF1,Blue,True,70044,30,1787051910,1787051940,26340,26340
20260818,26160,77154432,B-548B3AF1,Blue,True,70046,40,1787051975,1787052081,26520,26520
20260818,26160,77154432,B-548B3AF1,Blue,True,70048,50,1787052130,1787052199,26640,26640
20260818,26160,77154432,B-548B3AF1,Blue,True,70050,60,1787052237,1787052291,26760,26760
20260818,26160,77154432,B-548B3AF1,Blue,True,70052,70,1787052324,1787052441,26880,26880
20260818,26160,77154432,B-548B3AF1,Blue,True,70054,80,1787052478,1787052563,26940,26940
20260818,26160,77154432,B-548B3AF1,Blue,True,70056,90,1787052599,1787052648,27060,27060
20260818,26160,77154432,B-548B3AF1,Blue,True,70058,100,1787052678,1787052748,27180,27180
20260818,26160,77154432,B-548B3AF1,Blue,True,70060,110,1787052781,1787052906,27300,27300
20260818,26220,77154470,B-548B434D,Blue,False,70059,1,1787051532,1787051796,26220,26220
20260818,26220,77154470,B-548B434D,Blue,False,70057,10,1787051847,1787051886,26280,26280
20260818,26220,77154470,B-548B434D,Blue,False,70055,20,1787051922,1787051991,26400,26400
20260818,26220,77154470,B-548B434D,Blue,False,70053,30,1787052024,1787052070,26460,26460
20260818,26220,77154470,B-548B434D,Blue,False,70051,40,1787052112,1787052206,26580,26580
20260818,26220,77154470,B-548B434D,Blue,False,70049,50,1787052247,1787052347,26700,26700
20260818,26220,77154470,B-548B434D,Blue,False,70047,60,1787052379,1787052430,26820,26820
20260818,26220,77154470,B-548B434D,Blue,False,70045,70,1787052474,1787052568,26940,26940
20260818,26220,77154470,B-548B434D,Blue,False,70043,80,1787052622,1787052707,27120,27120
20260818,26220,77154470,B-548B434D,Blue,False,70041,90,1787052750,1787052777,27180,27180
20260818,26220,77154470,B-548B434D,Blue,False,70039,100,1787052840,1787052871,27300,27300
20260818,26220,77154470,B-548B434D,Blue,False,70838,110,1787052924,1787052989,27420,27420
20260818,26400,77154440,B-548B4338,Blue,True,70038,1,1787051819,1787051901,26400,26400
20260818,26400,77154440,B-548B4338,Blue,True,70040,10,1787052010,1787052025,26460,26460
20260818,26400,77154440,B-548B4338,Blue,True,70042,20,1787052068,1787052097,26520,26520
20260818,26400,77154440,B-548B4338,Blue,True,70044,30,1787052149,1787052176,26580,26580
20260818,26400,77154440,B-548B4338,Blue,True,70046,40,1787052209,1787052318,26760,26760
20260818,26400,77154440,B-548B4338,Blue,True,70048,50,1787052379,1787052460,26880,26880
20260818,26400,77154440,B-548B4338,Blue,True,70050,60,1787052501,1787052566,27000,27000
20260818,26400,77154440,B-548B4338,Blue,True,70052,70,1787052600,1787052703,27120,27120
20260818,26400,77154440,B-548B4338,Blue,True,70054,80,1787052741,1787052846,27180,27180
20260818,26400,77154440,B-548B4338,Blue,True,70056,90,1787052883,1787052930,27300,27300
20260818,26400,77154440,B-548B4338,Blue,True,70058,100,1787052967,1787053035,27420,27420
20260818,26400,77154440,B-548B4338,Blue,True,70060,110,1787053070,1787053133,27540,27540
20260818,26460,77154476,B-548B434F,Blue,False,70059,1,1787051713,1787052046,26460,26460
20260818,26460,77154476,B-548B434F,Blue,False,70057,10,1787052090,1787052125,26520,26520
20260818,26460,77154476,B-548B434F,Blue,False,70055,20,1787052164,1787052234,26640,26640
20260818,26460,77154476,B-548B434F,Blue,False,70053,30,1787052278,1787052327,26700,26700
20260818,26460,77154476,B-548B434F,Blue,False,70051,40,1787052362,1787052451,26820,26820
20260818,26460,77154476,B-548B434F,Blue,False,70049,50,1787052513,1787052615,26940,26940
20260818,26460,77154476,B-548B434F,Blue,False,70047,60,1787052649,1787052703,27060,27060
20260818,26460,77154476,B-548B434F,Blue,False,70045,70,1787052762,1787052871,27180,27180
20260818,26460,77154476,B-548B434F,Blue,False,70043,80,1787052932,1787053027,27360,27360
20260818,26460,77154476,B-548B434F,Blue,False,70041,90,1787053076,1787053105,27420,27420
20260818,26460,77154476,B-548B434F,Blue,False,70039,100,1787053175,1787053211,27540,27540
20260818,26460,77154476,B-548B434F,Blue,False,70838,110,1787053270,1787053303,27660,27660
20260818,26640,77154446,B-548B4340,Blue,True,70038,1,1787052138,1787052226,26640,26640
20260818,26640,77154446,B-548B4340,Blue,True,70040,10,1787052261,1787052275,26700,26700
20260818,26640,77154446,B-548B4340,Blue,True,70042,20,1787052314,1787052344,26760,26760
20260818,26640,77154446,B-548B4340,Blue,True,70044,30,1787052383,1787052412,26820,26820
20260818,26640,77154446,B-548B4340,Blue,True,70046,40,1787052453,1787052557,27000,27000
20260818,26640,77154446,B-548B4340,Blue,True,70048,50,1787052606,1787052811,27120,27120
20260818,26640,77154446,B-548B4340,Blue,True,70050,60,1787052848,1787052904,27240,27240
20260818,26640,77154446,B-548B4340,Blue,True,70052,70,1787052935,1787053037,27360,27360
20260818,26640,77154446,B-548B4340,Blue,True,70054,80,1787053073,1787053149,27420,27420
20260818,26640,77154446,B-548B4340,Blue,True,70056,90,1787053182,1787053228,27540,27540
20260818,26640,77154446,B-548B4340,Blue,True,70058,100,1787053261,1787053330,27660,27660
20260818,26640,77154446,B-548B4340,Blue,True,70060,110,1787053368,1787053434,27780,27780
20260818,26700,77154479,B-548B4352,Blue,False,70059,1,1787051901,1787052165,26700,26700
20260818,26700,77154479,B-548B4352,Blue,False,70057,10,1787052321,1787052356,26760,26760
20260818,26700,77154479,B-548B4352,Blue,False,70055,20,1787052395,1787052463,26880,26880
20260818,26700,77154479,B-548B4352,Blue,False,70053,30,1787052506,1787052552,26940,26940
20260818,26700,77154479,B-548B4352,Blue,False,70051,40,1787052587,1787052683,27060,27060
20260818,26700,77154479,B-548B4352,Blue,False,70049,50,1787052732,1787052832,27180,27180
20260818,26700,77154479,B-548B4352,Blue,False,70047,60,1787052871,1787052924,27300,27300
20260818,26700,77154479,B-548B4352,Blue,False,70045,70,1787052966,1787053058,27420,27420
20260818,26700,77154479,B-548B4352,Blue,False,70043,80,1787053113,1787053204,27600,27600
20260818,26700,77154479,B-548B4352,Blue,False,70041,90,1787053253,1787053282,27660,27660
20260818,26700,77154479,B-548B4352,Blue,False,70039,100,1787053348,1787053437,27780,27780
20260818,26700,77154479,B-548B4352,Blue,False,70838,110,1787053498,1787053549,27900,27900
20260818,26940,77154452,B-548B4343,Blue,True,70038,1,1787052490,1787052574,26940,26940
20260818,26940,77154452,B-548B4343,Blue,True,70040,10,1787052622,1787052640,27000,27000
20260818,26940,77154452,B-548B4343,Blue,True,70042,20,1787052690,1787052727,27060,27060
20260818,26940,77154452,B-548B4343,Blue,True,70044,30,1787052776,1787052807,27120,27120
20260818,26940,77154452,B-548B4343,Blue,True,70046,40,1787052845,1787052950,27300,27300
20260818,26940,77154452,B-548B4343,Blue,True,70048,50,1787052998,1787053072,27420,27420
20260818,26940,77154452,B-548B4343,Blue,True,70050,60,1787053120,1787053176,27540,27540
20260818,26940,77154452,B-548B4343,Blue,True,70052,70,1787053222,1787053323,27660,27660
20260818,26940,77154452,B-548B4343,Blue,True,70054,80,1787053367,1787053460,27720,27720
20260818,26940,77154452,B-548B4343,Blue,True,70056,90,1787053511,1787053558,27840,27840
20260818,26940,77154452,B-548B4343,Blue,True,70058,100,1787053590,1787053661,27960,27960
20260818,26940,77154452,B-548B4343,Blue,True,70060,110,1787053725,1787053791,28080,28080
20260818,27000,77154487,B-548B4359,Blue,False,70059,1,1787052249,1787052544,27000,27000
20260818,27000,77154487,B-548B4359,Blue,False,70057,10,1787052617,1787052652,27060,27060
20260818,27000,77154487,B-548B4359,Blue,False,70055,20,1787052696,1787052766,27180,27180
20260818,27000,77154487,B-548B4359,Blue,False,70053,30,1787052807,1787052853,27240,27240
20260818,27000,77154487,B-548B4359,Blue,False,70051,40,1787052891,1787053006,27360,27360
20260818,27000,77154487,B-548B4359,Blue,False,70049,50,1787053063,1787053164,27480,27480
20260818,27000,77154487,B-548B4359,Blue,False,70047,60,1787053209,1787053268,27600,27600
20260818,27000,77154487,B-548B4359,Blue,False,70045,70,1787053319,1787053422,27720,27720
20260818,27000,77154487,B-548B4359,Blue,False,70043,80,1787053497,1787053586,27900,27900
20260818,27000,77154487,B-548B4359,Blue,False,70041,90,1787053637,1787053668,27960,27960
20260818,27000,77154487,B-548B4359,Blue,False,70039,100,1787053737,1787053773,28080,28080
20260818,27000,77154487,B-548B4359,Blue,False,70838,110,1787053837,1787053874,28200,28200
20260818,27180,77154458,B-548B4346,Blue,True,70038,1,1787052720,1787052809,27180,27180
20260818,27180,77154458,B-548B4346,Blue,True,70040,10,1787052851,1787052870,27240,27240
20260818,27180,77154458,B-548B4346,Blue,True,70042,20,1787052909,1787052945,27300,27300
20260818,27180,77154458,B-548B4346,Blue,True,70044,30,1787052984,1787053017,27360,27360
20260818,27180,77154458,B-548B4346,Blue,True,70046,40,1787053050,1787053164,27540,27540
20260818,27180,77154458,B-548B4346,Blue,True,70048,50,1787053208,1787053294,27660,27660
20260818,27180,77154458,B-548B4346,Blue,True,70050,60,1787053331,1787053387,27780,27780
20260818,27180,77154458,B-548B4346,Blue,True,70052,70,1787053416,1787053523,27900,27900
20260818,27180,77154458,B-548B4346,Blue,True,70054,80,1787053562,1787053656,27960,27960
20260818,27180,77154458,B-548B4346,Blue,True,70056,90,1787053692,1787053739,28080,28080
20260818,27180,77154458,B-548B4346,Blue,True,70058,100,1787053772,1787053854,28200,28200
20260818,27180,77154458,B-548B4346,Blue,True,70060,110,1787053886,1787053990,28320,28320
20260818,27240,77154492,B-548B435B,Blue,False,70059,1,1787052519,1787052778,27240,27240
20260818,27240,77154492,B-548B435B,Blue,False,70057,10,1787052879,1787052915,27300,27300
20260818,27240,77154492,B-548B435B,Blue,False,70055,20,1787052963,1787053035,27420,27420
20260818,27240,77154492,B-548B435B,Blue,False,70053,30,1787053074,1787053122,27480,27480
20260818,27240,77154492,B-548B435B,Blue,False,70051,40,1787053163,1787053267,27600,27600
20260818,27240,77154492,B-548B435B,Blue,False,70049,50,1787053323,1787053429,27720,27720
20260818,27240,77154492,B-548B435B,Blue,False,70047,60,1787053470,1787053531,27840,27840
20260818,27240,77154492,B-548B435B,Blue,False,70045,70,1787053597,1787053693,27960,27960
20260818,27240,77154492,B-548B435B,Blue,False,70043,80,1787053762,1787053857,28140,28140
20260818,27240,77154492,B-548B435B,Blue,False,70041,90,1787053911,1787053953,28200,28200
20260818,27240,77154492,B-548B435B,Blue,False,70039,100,1787054014,1787054051,28320,28320
20260818,27240,77154492,B-548B435B,Blue,False,70838,110,1787054108,1787054145,28440,28440
20260818,27420,77154465,B-548B434C,Blue,True,70038,1,1787052900,1787052979,27420,27420
20260818,27420,77154465,B-548B434C,Blue,True,70040,10,1787053035,1787053049,27480,27480
20260818,27420,77154465,B-548B434C,Blue,True,70042,20,1787053094,1787053128,27540,27540
20260818,27420,77154465,B-548B434C,Blue,True,70044,30,1787053174,1787053201,27600,27600
20260818,27420,77154465,B-548B434C,Blue,True,70046,40,1787053237,1787053340,27780,27780
20260818,27420,77154465,B-548B434C,Blue,True,70048,50,1787053387,1787053458,27900,27900
20260818,27420,77154465,B-548B434C,Blue,True,70050,60,1787053496,1787053548,28020,28020
20260818,27420,77154465,B-548B434C,Blue,True,70052,70,1787053581,1787053683,28140,28140
20260818,27420,77154465,B-548B434C,Blue,True,70054,80,1787053719,1787053813,28200,28200
20260818,27420,77154465,B-548B434C,Blue,True,70056,90,1787053850,1787053899,28320,28320
20260818,27420,77154465,B-548B434C,Blue,True,70058,100,1787053933,1787054000,28440,28440
20260818,27420,77154465,B-548B434C,Blue,True,70060,110,1787054034,1787054167,28560,28560
20260818,27480,77154498,B-548B406D,Blue,False,70059,1,1787052817,1787053091,27480,27480
20260818,27480,77154498,B-548B406D,Blue,False,70057,10,1787053146,1787053181,27540,27540
20260818,27480,77154498,B-548B406D,Blue,False,70055,20,1787053225,1787053295,27660,27660
20260818,27480,77154498,B-548B406D,Blue,False,70053,30,1787053335,1787053381,27720,27720
20260818,27480,77154498,B-548B406D,Blue,False,70051,40,1787053418,1787053508,27840,27840
20260818,27480,77154498,B-548B406D,Blue,False,70049,50,1787053613,1787053715,27960,27960
20260818,27480,77154498,B-548B406D,Blue,False,70047,60,1787053754,1787053807,28080,28080
20260818,27480,77154498,B-548B406D,Blue,False,70045,70,1787053851,1787053964,28200,28200
20260818,27480,77154498,B-548B406D,Blue,False,70043,80,1787054029,1787054119,28380,28380
20260818,27480,77154498,B-548B406D,Blue,False,70041,90,1787054175,1787054210,28440,28440
20260818,27480,77154498,B-548B406D,Blue,False,70039,100,1787054282,1787054316,28560,28560
20260818,27480,77154498,B-548B406D,Blue,False,70838,110,1787054374,1787054409,28680,28680
20260818,27720,77154471,B-548B434D,Blue,True,70038,1,1787053057,1787053141,27720,27720
20260818,27720,77154471,B-548B434D,Blue,True,70040,10,1787053342,1787053356,27780,27780
20260818,27720,77154471,B-548B434D,Blue,True,70042,20,1787053397,1787053427,27840,27840
20260818,27720,77154471,B-548B434D,Blue,True,70044,30,1787053468,1787053495,27900,27900
20260818,27720,77154471,B-548B434D,Blue,True,70046,40,1787053530,1787053634,28080,28080
20260818,27720,77154471,B-548B434D,Blue,True,70048,50,1787053679,1787053750,28200,28200
20260818,27720,77154471,B-548B434D,Blue,True,70050,60,1787053790,1787053846,28320,28320
20260818,27720,77154471,B-548B434D,Blue,True,70052,70,1787053875,1787053983,28440,28440
20260818,27720,77154471,B-548B434D,Blue,True,70054,80,1787054015,1787054093,28500,28500
20260818,27720,77154471,B-548B434D,Blue,True,70056,90,1787054128,1787054174,28620,28620
20260818,27720,77154471,B-548B434D,Blue,True,70058,100,1787054206,1787054274,28740,28740
20260818,27720,77154471,B-548B434D,Blue,True,70060,110,1787054305,1787054415,28860,28860
20260818,27780,77154433,B-548B3AF1,Blue,False,70059,1,1787052978,1787053262,27780,27780
20260818,27780,77154433,B-548B3AF1,Blue,False,70057,10,1787053395,1787053430,27840,27840
20260818,27780,77154433,B-548B3AF1,Blue,False,70055,20,1787053470,1787053539,27960,27960
20260818,27780,77154433,B-548B3AF1,Blue,False,70053,30,1787053584,1787053630,28020,28020
20260818,27780,77154433,B-548B3AF1,Blue,False,70051,40,1787053665,1787053747,28140,28140
20260818,27780,77154433,B-548B3AF1,Blue,False,70049,50,1787053808,1787053917,28260,28260
20260818,27780,77154433,B-548B3AF1,Blue,False,70047,60,1787053959,1787054021,28380,28380
20260818,27780,77154433,B-548B3AF1,Blue,False,70045,70,1787054071,1787054174,28500,28500
20260818,27780,77154433,B-548B3AF1,Blue,False,70043,80,1787054251,1787054348,28680,28680
20260818,27780,77154433,B-548B3AF1,Blue,False,70041,90,1787054406,1787054437,28740,28740
20260818,27780,77154433,B-548B3AF1,Blue,False,70039,100,1787054491,1787054527,28860,28860
20260818,27780,77154433,B-548B3AF1,Blue,False,70838,110,1787054593,1787054630,28980,28980
20260818,27960,77154477,B-548B434F,Blue,True,70038,1,1787053435,1787053541,27960,27960
20260818,27960,77154477,B-548B434F,Blue,True,70040,10,1787053576,1787053595,28020,28020
20260818,27960,77154477,B-548B434F,Blue,True,70042,20,1787053642,1787053676,28080,28080
20260818,27960,77154477,B-548B434F,Blue,True,70044,30,1787053733,1787053765,28140,28140
20260818,27960,77154477,B-548B434F,Blue,True,70046,40,1787053799,1787053929,28320,28320
20260818,27960,77154477,B-548B434F,Blue,True,70048,50,1787053982,1787054084,28440,28440
20260818,27960,77154477,B-548B434F,Blue,True,70050,60,1787054120,1787054179,28560,28560
20260818,27960,77154477,B-548B434F,Blue,True,70052,70,1787054213,1787054320,28680,28680
20260818,27960,77154477,B-548B434F,Blue,True,70054,80,1787054358,1787054452,28740,28740
20260818,27960,77154477,B-548B434F,Blue,True,70056,90,1787054493,1787054540,28860,28860
20260818,27960,77154477,B-548B434F,Blue,True,70058,100,1787054576,1787054650,28980,28980
20260818,27960,77154477,B-548B434F,Blue,True,70060,110,1787054689,1787054754,29100,29100
20260818,28020,77154441,B-548B4338,Blue,False,70059,1,1787053299,1787053575,28020,28020
20260818,28020,77154441,B-548B4338,Blue,False,70057,10,1787053629,1787053663,28080,28080
20260818,28020,77154441,B-548B4338,Blue,False,70055,20,1787053702,1787053771,28200,28200
20260818,28020,77154441,B-548B4338,Blue,False,70053,30,1787053806,1787053851,28260,28260
20260818,28020,77154441,B-548B4338,Blue,False,70051,40,1787053887,1787053981,28380,28380
20260818,28020,77154441,B-548B4338,Blue,False,70049,50,1787054026,1787054127,28500,28500
20260818,28020,77154441,B-548B4338,Blue,False,70047,60,1787054193,1787054254,28620,28620
20260818,28020,77154441,B-548B4338,Blue,False,70045,70,1787054298,1787054391,28740,28740
20260818,28020,77154441,B-548B4338,Blue,False,70043,80,1787054449,1787054547,28920,28920
20260818,28020,77154441,B-548B4338,Blue,False,70041,90,1787054588,1787054616,28980,28980
20260818,28020,77154441,B-548B4338,Blue,False,70039,100,1787054677,1787054711,29100,29100
20260818,28020,77154441,B-548B4338,Blue,False,70838,110,1787054776,1787054833,29220,29220
20260818,28200,77154480,B-548B4352,Blue,True,70038,1,1787053635,1787053720,28200,28200
20260818,28200,77154480,B-548B4352,Blue,True,70040,10,1787053819,1787053836,28260,28260
20260818,28200,77154480,B-548B4352,Blue,True,70042,20,1787053893,1787053929,28320,28320
20260818,28200,77154480,B-548B4352,Blue,True,70044,30,1787053996,1787054027,28380,28380
20260818,28200,77154480,B-548B4352,Blue,True,70046,40,1787054065,1787054172,28560,28560
20260818,28200,77154480,B-548B4352,Blue,True,70048,50,1787054226,1787054305,28680,28680
20260818,28200,77154480,B-548B4352,Blue,True,70050,60,1787054344,1787054399,28800,28800
20260818,28200,77154480,B-548B4352,Blue,True,70052,70,1787054431,1787054538,28920,28920
20260818,28200,77154480,B-548B4352,Blue,True,70054,80,1787054574,1787054667,28980,28980
20260818,28200,77154480,B-548B4352,Blue,True,70056,90,1787054705,1787054752,29100,29100
20260818,28200,77154480,B-548B4352,Blue,True,70058,100,1787054789,1787054859,29220,29220
20260818,28200,77154480,B-548B4352,Blue,True,70060,110,1787054895,1787054960,29340,29340
20260818,28260,77154447,B-548B4340,Blue,False,70059,1,1787053510,1787053729,28260,28260
20260818,28260,77154447,B-548B4340,Blue,False,70057,10,1787053874,1787053909,28320,28320
20260818,28260,77154447,B-548B4340,Blue,False,70055,20,1787053945,1787054014,28440,28440
20260818,28260,77154447,B-548B4340,Blue,False,70053,30,1787054048,1787054093,28500,28500
20260818,28260,77154447,B-548B4340,Blue,False,70051,40,1787054128,1787054198,28620,28620
20260818,28260,77154447,B-548B4340,Blue,False,70049,50,1787054245,1787054346,28740,28740
20260818,28260,77154447,B-548B4340,Blue,False,70047,60,1787054379,1787054431,28860,28860
20260818,28260,77154447,B-548B4340,Blue,False,70045,70,1787054483,1787054576,28980,28980
20260818,28260,77154447,B-548B4340,Blue,False,70043,80,1787054625,1787054709,29160,29160
20260818,28260,77154447,B-548B4340,Blue,False,70041,90,1787054758,1787054784,29220,29220
20260818,28260,77154447,B-548B4340,Blue,False,70039,100,1787054833,1787054868,29340,29340
20260818,28260,77154447,B-548B4340,Blue,False,70838,110,1787054916,1787055039,29460,29460
20260818,28500,77154488,B-548B4359,Blue,True,70038,1,1787053969,1787054067,28500,28500
20260818,28500,77154488,B-548B4359,Blue,True,70040,10,1787054124,1787054141,28560,28560
20260818,28500,77154488,B-548B4359,Blue,True,70042,20,1787054196,1787054236,28620,28620
20260818,28500,77154488,B-548B4359,Blue,True,70044,30,1787054283,1787054314,28680,28680
20260818,28500,77154488,B-548B4359,Blue,True,70046,40,1787054355,1787054469,28860,28860
20260818,28500,77154488,B-548B4359,Blue,True,70048,50,1787054522,1787054609,28980,28980
20260818,28500,77154488,B-548B4359,Blue,True,70050,60,1787054653,1787054713,29100,29100
20260818,28500,77154488,B-548B4359,Blue,True,70052,70,1787054749,1787054854,29220,29220
20260818,28500,77154488,B-548B4359,Blue,True,70054,80,1787054892,1787054990,29280,29280
20260818,28500,77154488,B-548B4359,Blue,True,70056,90,1787055030,1787055077,29400,29400
20260818,28500,77154488,B-548B4359,Blue,True,70058,100,1787055113,1787055185,29520,29520
20260818,28500,77154488,B-548B4359,Blue,True,70060,110,1787055222,1787055301,29640,29640
20260818,28560,77154453,B-548B4343,Blue,False,70059,1,1787053867,1787054105,28560,28560
20260818,28560,77154453,B-548B4343,Blue,False,70057,10,1787054175,1787054211,28620,28620
20260818,28560,77154453,B-548B4343,Blue,False,70055,20,1787054250,1787054319,28740,28740
20260818,28560,77154453,B-548B4343,Blue,False,70053,30,1787054353,1787054399,28800,28800
20260818,28560,77154453,B-548B4343,Blue,False,70051,40,1787054433,1787054542,28920,28920
20260818,28560,77154453,B-548B4343,Blue,False,70049,50,1787054597,1787054697,29040,29040
20260818,28560,77154453,B-548B4343,Blue,False,70047,60,1787054731,1787054783,29160,29160
20260818,28560,77154453,B-548B4343,Blue,False,70045,70,1787054823,1787054914,29280,29280
20260818,28560,77154453,B-548B4343,Blue,False,70043,80,1787054972,1787055057,29460,29460
20260818,28560,77154453,B-548B4343,Blue,False,70041,90,1787055108,1787055142,29520,29520
20260818,28560,77154453,B-548B4343,Blue,False,70039,100,1787055203,1787055233,29640,29640
20260818,28560,77154453,B-548B4343,Blue,False,70838,110,1787055296,1787055327,29760,29760
20260818,28740,77154493,B-548B435B,Blue,True,70038,1,1787054257,1787054349,28740,28740
20260818,28740,77154493,B-548B435B,Blue,True,70040,10,1787054388,1787054404,28800,28800
20260818,28740,77154493,B-548B435B,Blue,True,70042,20,1787054452,1787054487,28860,28860
20260818,28740,77154493,B-548B435B,Blue,True,70044,30,1787054533,1787054560,28920,28920
20260818,28740,77154493,B-548B435B,Blue,True,70046,40,1787054599,1787054703,29100,29100
20260818,28740,77154493,B-548B435B,Blue,True,70048,50,1787054757,1787054836,29220,29220
20260818,28740,77154493,B-548B435B,Blue,True,70050,60,1787054881,1787054940,29340,29340
20260818,28740,77154493,B-548B435B,Blue,True,70052,70,1787054974,1787055086,29460,29460
20260818,28740,77154493,B-548B435B,Blue,True,70054,80,1787055125,1787055231,29520,29520
20260818,28740,77154493,B-548B435B,Blue,True,70056,90,1787055274,1787055323,29640,29640
20260818,28740,77154493,B-548B435B,Blue,True,70058,100,1787055363,1787055438,29760,29760
20260818,28740,77154493,B-548B435B,Blue,True,70060,110,1787055478,1787055551,29880,29880
20260818,28800,77154459,B-548B4346,Blue,False,70059,1,1787054073,1787054294,28800,28800
20260818,28800,77154459,B-548B4346,Blue,False,70057,10,1787054420,1787054455,28860,28860
20260818,28800,77154459,B-548B4346,Blue,False,70055,20,1787054492,1787054562,28980,28980
20260818,28800,77154459,B-548B4346,Blue,False,70053,30,1787054594,1787054643,29040,29040
20260818,28800,77154459,B-548B4346,Blue,False,70051,40,1787054676,1787054772,29160,29160
20260818,28800,77154459,B-548B4346,Blue,False,70049,50,1787054811,1787054912,29280,29280
20260818,28800,77154459,B-548B4346,Blue,False,70047,60,1787054947,1787055004,29400,29400
20260818,28800,77154459,B-548B4346,Blue,False,70045,70,1787055048,1787055144,29520,29520
20260818,28800,77154459,B-548B4346,Blue,False,70043,80,1787055214,1787055309,29700,29700
20260818,28800,77154459,B-548B4346,Blue,False,70041,90,1787055355,1787055387,29760,29760
20260818,28800,77154459,B-548B4346,Blue,False,70039,100,1787055438,1787055473,29880,29880
20260818,28800,77154459,B-548B4346,Blue,False,70838,110,1787055525,1787055563,30000,30000
20260818,28980,77154500,B-548B406D,Blue,True,70038,1,1787054518,1787054612,28980,28980
20260818,28980,77154500,B-548B406D,Blue,True,70040,10,1787054657,1787054674,29040,29040
20260818,28980,77154500,B-548B406D,Blue,True,70042,20,1787054718,1787054753,29100,29100
20260818,28980,77154500,B-548B406D,Blue,True,70044,30,1787054826,1787054855,29160,29160
20260818,28980,77154500,B-548B406D,Blue,True,70046,40,1787054893,1787055005,29340,29340
20260818,28980,77154500,B-548B406D,Blue,True,70048,50,1787055061,1787055142,29460,29460
20260818,28980,77154500,B-548B406D,Blue,True,70050,60,1787055189,1787055246,29580,29580
20260818,28980,77154500,B-548B406D,Blue,True,70052,70,1787055281,1787055386,29700,29700
20260818,28980,77154500,B-548B406D,Blue,True,70054,80,1787055426,1787055526,29760,29760
20260818,28980,77154500,B-548B406D,Blue,True,70056,90,1787055563,1787055610,29880,29880
20260818,28980,77154500,B-548B406D,Blue,True,70058,100,1787055646,1787055715,30000,30000
20260818,28980,77154500,B-548B406D,Blue,True,70060,110,1787055751,1787055828,30120,30120
20260818,29040,77154462,B-548B434C,Blue,False,70059,1,1787054329,1787054565,29040,29040
20260818,29040,77154462,B-548B434C,Blue,False,70057,10,1787054648,1787054682,29100,29100
20260818,29040,77154462,B-548B434C,Blue,False,70055,20,1787054718,1787054786,29220,29220
20260818,29040,77154462,B-548B434C,Blue,False,70053,30,1787054823,1787054868,29280,29280
20260818,29040,77154462,B-548B434C,Blue,False,70051,40,1787054903,1787054999,29400,29400
20260818,29040,77154462,B-548B434C,Blue,False,70049,50,1787055046,1787055145,29520,29520
20260818,29040,77154462,B-548B434C,Blue,False,70047,60,1787055178,1787055231,29640,29640
20260818,29040,77154462,B-548B434C,Blue,False,70045,70,1787055275,1787055364,29760,29760
20260818,29040,77154462,B-548B434C,Blue,False,70043,80,1787055422,1787055506,29940,29940
20260818,29040,77154462,B-548B434C,Blue,False,70041,90,1787055552,1787055581,30000,30000
20260818,29040,77154462,B-548B434C,Blue,False,70039,100,1787055632,1787055663,30120,30120
20260818,29040,77154462,B-548B434C,Blue,False,70838,110,1787055731,1787055830,30240,30240
20260818,29280,77154434,B-548B3AF1,Blue,True,70038,1,1787054727,1787054824,29280,29280
20260818,29280,77154434,B-548B3AF1,Blue,True,70040,10,1787054896,1787054912,29340,29340
20260818,29280,77154434,B-548B3AF1,Blue,True,70042,20,1787054964,1787054998,29400,29400
20260818,29280,77154434,B-548B3AF1,Blue,True,70044,30,1787055048,1787055082,29460,29460
20260818,29280,77154434,B-548B3AF1,Blue,True,70046,40,1787055126,1787055244,29640,29640
20260818,29280,77154434,B-548B3AF1,Blue,True,70048,50,1787055299,1787055393,29760,29760
20260818,29280,77154434,B-548B3AF1,Blue,True,70050,60,1787055442,1787055505,29880,29880
20260818,29280,77154434,B-548B3AF1,Blue,True,70052,70,1787055545,1787055658,30000,30000
20260818,29280,77154434,B-548B3AF1,Blue,True,70054,80,1787055699,1787055788,30060,30060
20260818,29280,77154434,B-548B3AF1,Blue,True,70056,90,1787055832,1787055879,30180,30180
20260818,29280,77154434,B-548B3AF1,Blue,True,70058,100,1787055919,1787055999,30300,30300
20260818,29280,77154434,B-548B3AF1,Blue,True,70060,110,1787056039,1787056110,30420,30420
20260818,29340,77154472,B-548B434D,Blue,False,70059,1,1787054486,1787054729,29340,29340
20260818,29340,77154472,B-548B434D,Blue,False,70057,10,1787054948,1787054982,29400,29400
20260818,29340,77154472,B-548B434D,Blue,False,70055,20,1787055025,1787055094,29520,29520
20260818,29340,77154472,B-548B434D,Blue,False,70053,30,1787055136,1787055181,29580,29580
20260818,29340,77154472,B-548B434D,Blue,False,70051,40,1787055219,1787055311,29700,29700
20260818,29340,77154472,B-548B434D,Blue,False,70049,50,1787055358,1787055458,29820,29820
20260818,29340,77154472,B-548B434D,Blue,False,70047,60,1787055491,1787055543,29940,29940
20260818,29340,77154472,B-548B434D,Blue,False,70045,70,1787055598,1787055687,30060,30060
20260818,29340,77154472,B-548B434D,Blue,False,70043,80,1787055746,1787055828,30240,30240
20260818,29340,77154472,B-548B434D,Blue,False,70041,90,1787055876,1787055904,30300,30300
20260818,29340,77154472,B-548B434D,Blue,False,70039,100,1787055959,1787055991,30420,30420
20260818,29340,77154472,B-548B434D,Blue,False,70838,110,1787056044,1787056076,30540,30540
20260818,29520,77154442,B-548B4338,Blue,True,70038,1,1787054942,1787055028,29520,29520
20260818,29520,77154442,B-548B4338,Blue,True,70040,10,1787055130,1787055143,29580,29580
20260818,29520,77154442,B-548B4338,Blue,True,70042,20,1787055182,1787055212,29640,29640
20260818,29520,77154442,B-548B4338,Blue,True,70044,30,1787055265,1787055292,29700,29700
20260818,29520,77154442,B-548B4338,Blue,True,70046,40,1787055333,1787055442,29880,29880
20260818,29520,77154442,B-548B4338,Blue,True,70048,50,1787055497,1787055572,30000,30000
20260818,29520,77154442,B-548B4338,Blue,True,70050,60,1787055610,1787055668,30120,30120
20260818,29520,77154442,B-548B4338,Blue,True,70052,70,1787055700,1787055804,30240,30240
20260818,29520,77154442,B-548B4338,Blue,True,70054,80,1787055847,1787055946,30300,30300
20260818,29520,77154442,B-548B4338,Blue,True,70056,90,1787055984,1787056030,30420,30420
20260818,29520,77154442,B-548B4338,Blue,True,70058,100,1787056064,1787056133,30540,30540
20260818,29520,77154442,B-548B4338,Blue,True,70060,110,1787056167,1787056292,30660,30660
20260818,29580,77154478,B-548B434F,Blue,False,70059,1,1787054816,1787055066,29580,29580
20260818,29580,77154478,B-548B434F,Blue,False,70057,10,1787055197,1787055231,29640,29640
20260818,29580,77154478,B-548B434F,Blue,False,70055,20,1787055273,1787055343,29760,29760
20260818,29580,77154478,B-548B434F,Blue,False,70053,30,1787055383,1787055429,29820,29820
20260818,29580,77154478,B-548B434F,Blue,False,70051,40,1787055471,1787055568,29940,29940
20260818,29580,77154478,B-548B434F,Blue,False,70049,50,1787055619,1787055723,30060,30060
20260818,29580,77154478,B-548B434F,Blue,False,70047,60,1787055760,1787055822,30180,30180
20260818,29580,77154478,B-548B434F,Blue,False,70045,70,1787055874,1787055971,30300,30300
20260818,29580,77154478,B-548B434F,Blue,False,70043,80,1787056046,1787056138,30480,30480
20260818,29580,77154478,B-548B434F,Blue,False,70041,90,1787056191,1787056218,30540,30540
20260818,29580,77154478,B-548B434F,Blue,False,70039,100,1787056270,1787056301,30660,30660
20260818,29580,77154478,B-548B434F,Blue,False,70838,110,1787056357,1787056388,30780,30780
20260818,29760,77154448,B-548B4340,Blue,True,70038,1,1787055112,1787055208,29760,29760
20260818,29760,77154448,B-548B4340,Blue,True,70040,10,1787055365,1787055379,29820,29820
20260818,29760,77154448,B-548B4340,Blue,True,70042,20,1787055418,1787055450,29880,29880
20260818,29760,77154448,B-548B4340,Blue,True,70044,30,1787055488,1787055519,29940,29940
20260818,29760,77154448,B-548B4340,Blue,True,70046,40,1787055554,1787055661,30120,30120
20260818,29760,77154448,B-548B4340,Blue,True,70048,50,1787055703,1787055780,30240,30240
20260818,29760,77154448,B-548B4340,Blue,True,70050,60,1787055820,1787055875,30360,30360
20260818,29760,77154448,B-548B4340,Blue,True,70052,70,1787055906,1787056009,30480,30480
20260818,29760,77154448,B-548B4340,Blue,True,70054,80,1787056041,1787056122,30540,30540
20260818,29760,77154448,B-548B4340,Blue,True,70056,90,1787056155,1787056201,30660,30660
20260818,29760,77154448,B-548B4340,Blue,True,70058,100,1787056231,1787056307,30780,30780
20260818,29760,77154448,B-548B4340,Blue,True,70060,110,1787056343,1787056616,30900,30900
20260818,29820,77154483,B-548B4352,Blue,False,70059,1,1787055036,1787055287,29820,29820
20260818,29820,77154483,B-548B4352,Blue,False,70057,10,1787055439,1787055475,29880,29880
20260818,29820,77154483,B-548B4352,Blue,False,70055,20,1787055515,1787055584,30000,30000
20260818,29820,77154483,B-548B4352,Blue,False,70053,30,1787055620,1787055667,30060,30060
20260818,29820,77154483,B-548B4352,Blue,False,70051,40,1787055704,1787055801,30180,30180
20260818,29820,77154483,B-548B4352,Blue,False,70049,50,1787055855,1787055955,30300,30300
20260818,29820,77154483,B-548B4352,Blue,False,70047,60,1787055989,1787056045,30420,30420
20260818,29820,77154483,B-548B4352,Blue,False,70045,70,1787056097,1787056189,30540,30540
20260818,29820,77154483,B-548B4352,Blue,False,70043,80,1787056252,1787056341,30720,30720
20260818,29820,77154483,B-548B4352,Blue,False,70041,90,1787056400,1787056434,30780,30780
20260818,29820,77154483,B-548B4352,Blue,False,70039,100,1787056501,1787056534,30900,30900
20260818,29820,77154483,B-548B4352,Blue,False,70838,110,1787056593,1787056626,31020,31020
20260818,30060,77154454,B-548B4343,Blue,True,70038,1,1787055401,1787055494,30060,30060
20260818,30060,77154454,B-548B4343,Blue,True,70040,10,1787055710,1787055725,30120,30120
20260818,30060,77154454,B-548B4343,Blue,True,70042,20,1787055765,1787055796,30180,30180
20260818,30060,77154454,B-548B4343,Blue,True,70044,30,1787055838,1787055869,30240,30240
20260818,30060,77154454,B-548B4343,Blue,True,70046,40,1787055907,1787056013,30420,30420
20260818,30060,77154454,B-548B4343,Blue,True,70048,50,1787056057,1787056132,30540,30540
20260818,30060,77154454,B-548B4343,Blue,True,70050,60,1787056174,1787056234,30660,30660
20260818,30060,77154454,B-548B4343,Blue,True,70052,70,1787056269,1787056372,30780,30780
20260818,30060,77154454,B-548B4343,Blue,True,70054,80,1787056415,1787056523,30840,30840
20260818,30060,77154454,B-548B4343,Blue,True,70056,90,1787056561,1787056608,30960,30960
20260818,30060,77154454,B-548B4343,Blue,True,70058,100,1787056640,1787056711,31080,31080
20260818,30060,77154454,B-548B4343,Blue,True,70060,110,1787056742,1787056807,31200,31200
20260818,30120,77154489,B-548B4359,Blue,False,70059,1,1787055379,1787055656,30120,30120
20260818,30120,77154489,B-548B4359,Blue,False,70057,10,1787055742,1787055777,30180,30180
20260818,30120,77154489,B-548B4359,Blue,False,70055,20,1787055827,1787055897,30300,30300
20260818,30120,77154489,B-548B4359,Blue,False,70053,30,1787055950,1787055996,30360,30360
20260818,30120,77154489,B-548B4359,Blue,False,70051,40,1787056041,1787056156,30480,30480
20260818,30120,77154489,B-548B4359,Blue,False,70049,50,1787056210,1787056311,30600,30600
20260818,30120,77154489,B-548B4359,Blue,False,70047,60,1787056352,1787056408,30720,30720
20260818,30120,77154489,B-548B4359,Blue,False,70045,70,1787056463,1787056565,30840,30840
20260818,30120,77154489,B-548B4359,Blue,False,70043,80,1787056645,1787056732,31020,31020
20260818,30120,77154489,B-548B4359,Blue,False,70041,90,1787056789,1787056820,31080,31080
20260818,30120,77154489,B-548B4359,Blue,False,70039,100,1787056886,1787056922,31200,31200
20260818,30120,77154489,B-548B4359,Blue,False,70838,110,1787056989,1787057025,31320,31320
20260818,30300,77154460,B-548B4346,Blue,True,70038,1,1787055676,1787055822,30300,30300
20260818,30300,77154460,B-548B4346,Blue,True,70040,10,1787055919,1787055940,30360,30360
20260818,30300,77154460,B-548B4346,Blue,True,70042,20,1787055988,1787056025,30420,30420
20260818,30300,77154460,B-548B4346,Blue,True,70044,30,1787056069,1787056100,30480,30480
20260818,30300,77154460,B-548B4346,Blue,True,70046,40,1787056138,1787056244,30660,30660
20260818,30300,77154460,B-548B4346,Blue,True,70048,50,1787056287,1787056374,30780,30780
20260818,30300,77154460,B-548B4346,Blue,True,70050,60,1787056449,1787056505,30900,30900
20260818,30300,77154460,B-548B4346,Blue,True,70052,70,1787056534,1787056641,31020,31020
20260818,30300,77154460,B-548B4346,Blue,True,70054,80,1787056672,1787056748,31080,31080
20260818,30300,77154460,B-548B4346,Blue,True,70056,90,1787056778,1787056824,31200,31200
20260818,30300,77154460,B-548B4346,Blue,True,70058,100,1787056855,1787056933,31320,31320
20260818,30300,77154460,B-548B4346,Blue,True,70060,110,1787056962,1787057047,31440,31440
20260818,30360,77154494,B-548B435B,Blue,False,70059,1,1787055648,1787055931,30360,30360
20260818,30360,77154494,B-548B435B,Blue,False,70057,10,1787055992,1787056028,30420,30420
20260818,30360,77154494,B-548B435B,Blue,False,70055,20,1787056072,1787056143,30540,30540
20260818,30360,77154494,B-548B435B,Blue,False,70053,30,1787056192,1787056239,30600,30600
20260818,30360,77154494,B-548B435B,Blue,False,70051,40,1787056288,1787056391,30720,30720
20260818,30360,77154494,B-548B435B,Blue,False,70049,50,1787056442,1787056548,30840,30840
20260818,30360,77154494,B-548B435B,Blue,False,70047,60,1787056593,1787056653,30960,30960
20260818,30360,77154494,B-548B435B,Blue,False,70045,70,1787056717,1787056819,31080,31080
20260818,30360,77154494,B-548B435B,Blue,False,70043,80,1787056939,1787057030,31260,31260
20260818,30360,77154494,B-548B435B,Blue,False,70041,90,1787057086,1787057117,31320,31320
20260818,30360,77154494,B-548B435B,Blue,False,70039,100,1787057179,1787057212,31440,31440
20260818,30360,77154494,B-548B435B,Blue,False,70838,110,1787057274,1787057310,31560,31560
20260818,30540,77154466,B-548B434C,Blue,True,70038,1,1787055914,1787056003,30540,30540
20260818,30540,77154466,B-548B434C,Blue,True,70040,10,1787056148,1787056162,30600,30600
20260818,30540,77154466,B-548B434C,Blue,True,70042,20,1787056209,1787056242,30660,30660
20260818,30540,77154466,B-548B434C,Blue,True,70044,30,1787056288,1787056314,30720,30720
20260818,30540,77154466,B-548B434C,Blue,True,70046,40,1787056349,1787056452,30900,30900
20260818,30540,77154466,B-548B434C,Blue,True,70048,50,1787056499,1787056572,31020,31020
20260818,30540,77154466,B-548B434C,Blue,True,70050,60,1787056610,1787056662,31140,31140
20260818,30540,77154466,B-548B434C,Blue,True,70052,70,1787056698,1787056801,31260,31260
20260818,30540,77154466,B-548B434C,Blue,True,70054,80,1787056835,1787056927,31320,31320
20260818,30540,77154466,B-548B434C,Blue,True,70056,90,1787056963,1787057009,31440,31440
20260818,30540,77154466,B-548B434C,Blue,True,70058,100,1787057041,1787057110,31560,31560
20260818,30540,77154466,B-548B434C,Blue,True,70060,110,1787057149,1787057213,31680,31680
20260818,30600,77154501,B-548B406D,Blue,False,70059,1,1787055979,1787056221,30600,30600
20260818,30600,77154501,B-548B406D,Blue,False,70057,10,1787056269,1787056303,30660,30660
20260818,30600,77154501,B-548B406D,Blue,False,70055,20,1787056342,1787056411,30780,30780
20260818,30600,77154501,B-548B406D,Blue,False,70053,30,1787056453,1787056499,30840,30840
20260818,30600,77154501,B-548B406D,Blue,False,70051,40,1787056554,1787056648,30960,30960
20260818,30600,77154501,B-548B406D,Blue,False,70049,50,1787056694,1787056797,31080,31080
20260818,30600,77154501,B-548B406D,Blue,False,70047,60,1787056834,1787056887,31200,31200
20260818,30600,77154501,B-548B406D,Blue,False,70045,70,1787056940,1787057045,31320,31320
20260818,30600,77154501,B-548B406D,Blue,False,70043,80,1787057106,1787057194,31500,31500
20260818,30600,77154501,B-548B406D,Blue,False,70041,90,1787057243,1787057272,31560,31560
20260818,30600,77154501,B-548B406D,Blue,False,70039,100,1787057332,1787057366,31680,31680
20260818,30600,77154501,B-548B406D,Blue,False,70838,110,1787057421,1787057575,31800,31800
20260818,30840,77154469,B-548B434D,Blue,True,70038,1,1787056245,1787056328,30840,30840
20260818,30840,77154469,B-548B434D,Blue,True,70040,10,1787056446,1787056460,30900,30900
20260818,30840,77154469,B-548B434D,Blue,True,70042,20,1787056501,1787056531,30960,30960
20260818,30840,77154469,B-548B434D,Blue,True,70044,30,1787056571,1787056596,31020,31020
20260818,30840,77154469,B-548B434D,Blue,True,70046,40,1787056636,1787056739,31200,31200
20260818,30840,77154469,B-548B434D,Blue,True,70048,50,1787056784,1787056853,31320,31320
20260818,30840,77154469,B-548B434D,Blue,True,70050,60,1787056890,1787056942,31440,31440
20260818,30840,77154469,B-548B434D,Blue,True,70052,70,1787056975,1787057080,31560,31560
20260818,30840,77154469,B-548B434D,Blue,True,70054,80,1787057110,1787057191,31620,31620
20260818,30840,77154469,B-548B434D,Blue,True,70056,90,1787057225,1787057271,31740,31740
20260818,30840,77154469,B-548B434D,Blue,True,70058,100,1787057302,1787057373,31860,31860
20260818,30840,77154469,B-548B434D,Blue,True,70060,110,1787057403,1787057468,31980,31980
20260818,30900,77154435,B-548B3AF1,Blue,False,70059,1,1787056198,1787056480,30900,30900
20260818,30900,77154435,B-548B3AF1,Blue,False,70057,10,1787056533,1787056571,30960,30960
20260818,30900,77154435,B-548B3AF1,Blue,False,70055,20,1787056620,1787056692,31080,31080
20260818,30900,77154435,B-548B3AF1,Blue,False,70053,30,1787056736,1787056783,31140,31140
20260818,30900,77154435,B-548B3AF1,Blue,False,70051,40,1787056826,1787056918,31260,31260
20260818,30900,77154435,B-548B3AF1,Blue,False,70049,50,1787056966,1787057070,31380,31380
20260818,30900,77154435,B-548B3AF1,Blue,False,70047,60,1787057111,1787057172,31500,31500
20260818,30900,77154435,B-548B3AF1,Blue,False,70045,70,1787057231,1787057354,31620,31620
20260818,30900,77154435,B-548B3AF1,Blue,False,70043,80,1787057428,1787057530,31800,31800
20260818,30900,77154435,B-548B3AF1,Blue,False,70041,90,1787057589,1787057621,31860,31860
20260818,30900,77154435,B-548B3AF1,Blue,False,70039,100,1787057677,1787057714,31980,31980
20260818,30900,77154435,B-548B3AF1,Blue,False,70838,110,1787057786,1787057848,32100,32100
20260818,31080,77154475,B-548B434F,Blue,True,70038,1,1787056465,1787056549,31080,31080
20260818,31080,77154475,B-548B434F,Blue,True,70040,10,1787056693,1787056713,31140,31140
20260818,31080,77154475,B-548B434F,Blue,True,70042,20,1787056769,1787056808,31200,31200
20260818,31080,77154475,B-548B434F,Blue,True,70044,30,1787056855,1787056885,31260,31260
20260818,31080,77154475,B-548B434F,Blue,True,70046,40,1787056924,1787057033,31440,31440
20260818,31080,77154475,B-548B434F,Blue,True,70048,50,1787057090,1787057178,31560,31560
20260818,31080,77154475,B-548B434F,Blue,True,70050,60,1787057217,1787057278,31680,31680
20260818,31080,77154475,B-548B434F,Blue,True,70052,70,1787057316,1787057426,31800,31800
20260818,31080,77154475,B-548B434F,Blue,True,70054,80,1787057462,1787057556,31860,31860
20260818,31080,77154475,B-548B434F,Blue,True,70056,90,1787057593,1787057640,31980,31980
20260818,31080,77154475,B-548B434F,Blue,True,70058,100,1787057676,1787057751,32100,32100
20260818,31080,77154475,B-548B434F,Blue,True,70060,110,1787057796,1787057869,32220,32220
20260818,31140,77154724,B-548B4338,Blue,False,70059,1,1787056515,1787056821,31140,31140
20260818,31140,77154724,B-548B4338,Blue,False,70057,10,1787056872,1787056906,31200,31200
20260818,31140,77154724,B-548B4338,Blue,False,70055,20,1787056941,1787057009,31320,31320
20260818,31140,77154724,B-548B4338,Blue,False,70053,30,1787057046,1787057091,31380,31380
20260818,31140,77154724,B-548B4338,Blue,False,70051,40,1787057125,1787057216,31500,31500
20260818,31140,77154724,B-548B4338,Blue,False,70049,50,1787057265,1787057366,31620,31620
20260818,31140,77154724,B-548B4338,Blue,False,70047,60,1787057404,1787057464,31740,31740
20260818,31140,77154724,B-548B4338,Blue,False,70045,70,1787057507,1787057597,31860,31860
20260818,31140,77154724,B-548B4338,Blue,False,70043,80,1787057659,1787057758,32040,32040
20260818,31140,77154724,B-548B4338,Blue,False,70041,90,1787057806,1787057834,32100,32100
20260818,31140,77154724,B-548B4338,Blue,False,70039,100,1787057889,1787057930,32220,32220
20260818,31320,77154484,B-548B4352,Blue,True,70038,1,1787056703,1787056787,31320,31320
20260818,31320,77154484,B-548B4352,Blue,True,70040,10,1787056940,1787056956,31380,31380
20260818,31320,77154484,B-548B4352,Blue,True,70042,20,1787057002,1787057038,31440,31440
20260818,31320,77154484,B-548B4352,Blue,True,70044,30,1787057084,1787057116,31500,31500
20260818,31320,77154484,B-548B4352,Blue,True,70046,40,1787057156,1787057264,31680,31680
20260818,31320,77154484,B-548B4352,Blue,True,70048,50,1787057350,1787057426,31800,31800
20260818,31320,77154484,B-548B4352,Blue,True,70050,60,1787057467,1787057520,31920,31920
20260818,31320,77154484,B-548B4352,Blue,True,70052,70,1787057555,1787057660,32040,32040
20260818,31320,77154484,B-548B4352,Blue,True,70054,80,1787057695,1787057792,32100,32100
20260818,31320,77154484,B-548B4352,Blue,True,70056,90,1787057832,1787057879,32220,32220
20260818,31320,77154484,B-548B4352,Blue,True,70058,100,1787057918,1787057989,32340,32340
20260818,31380,77154726,B-548B4340,Blue,False,70059,1,1787056684,1787057011,31380,31380
20260818,31380,77154726,B-548B4340,Blue,False,70057,10,1787057056,1787057090,31440,31440
20260818,31380,77154726,B-548B4340,Blue,False,70055,20,1787057126,1787057194,31560,31560
20260818,31380,77154726,B-548B4340,Blue,False,70053,30,1787057229,1787057274,31620,31620
20260818,31380,77154726,B-548B4340,Blue,False,70051,40,1787057307,1787057374,31740,31740
20260818,31380,77154726,B-548B4340,Blue,False,70049,50,1787057411,1787057511,31860,31860
20260818,31380,77154726,B-548B4340,Blue,False,70047,60,1787057543,1787057596,31980,31980
20260818,31380,77154726,B-548B4340,Blue,False,70045,70,1787057634,1787057737,32100,32100
20260818,31380,77154726,B-548B4340,Blue,False,70043,80,1787057781,1787057871,32280,32280
20260818,31380,77154726,B-548B4340,Blue,False,70041,90,1787057927,1787057965,32340,32340
20260818,31620,77154810,B-548B4359,Blue,True,70038,1,1787057130,1787057226,31620,31620
20260818,31620,77154810,B-548B4359,Blue,True,70040,10,1787057310,1787057327,31680,31680
20260818,31620,77154810,B-548B4359,Blue,True,70042,20,1787057376,1787057417,31740,31740
20260818,31620,77154810,B-548B4359,Blue,True,70044,30,1787057464,1787057495,31800,31800
20260818,31620,77154810,B-548B4359,Blue,True,70046,40,1787057537,1787057650,31980,31980
20260818,31620,77154810,B-548B4359,Blue,True,70048,50,1787057710,1787057791,32100,32100
20260818,31620,77154810,B-548B4359,Blue,True,70050,60,1787057844,1787057905,32220,32220
20260818,31620,77154810,B-548B4359,Blue,True,70052,70,1787057947,1787058050,32340,32340
20260818,31680,77154729,B-548B4343,Blue,False,70059,1,1787056870,1787057137,31680,31680
20260818,31680,77154729,B-548B4343,Blue,False,70057,10,1787057297,1787057332,31740,31740
20260818,31680,77154729,B-548B4343,Blue,False,70055,20,1787057367,1787057435,31860,31860
20260818,31680,77154729,B-548B4343,Blue,False,70053,30,1787057473,1787057519,31920,31920
20260818,31680,77154729,B-548B4343,Blue,False,70051,40,1787057560,1787057657,32040,32040
20260818,31680,77154729,B-548B4343,Blue,False,70049,50,1787057700,1787057801,32160,32160
20260818,31680,77154729,B-548B4343,Blue,False,70047,60,1787057830,1787057883,32280,32280
20260818,31680,77154729,B-548B4343,Blue,False,70045,70,1787057921,1787058013,32400,32400
20260818,31860,77154495,B-548B435B,Blue,True,70038,1,1787057473,1787057566,31860,31860
20260818,31860,77154495,B-548B435B,Blue,True,70040,10,1787057614,1787057630,31920,31920
20260818,31860,77154495,B-548B435B,Blue,True,70042,20,1787057691,1787057721,31980,31980
20260818,31860,77154495,B-548B435B,Blue,True,70044,30,1787057769,1787057798,32040,32040
20260818,31860,77154495,B-548B435B,Blue,True,70046,40,1787057843,1787057947,32220,32220
20260818,31920,77154727,B-548B4346,Blue,False,70059,1,1787057105,1787057441,31920,31920
20260818,31920,77154727,B-548B4346,Blue,False,70057,10,1787057535,1787057569,31980,31980
20260818,31920,77154727,B-548B4346,Blue,False,70055,20,1787057608,1787057676,32100,32100
20260818,31920,77154727,B-548B4346,Blue,False,70053,30,1787057710,1787057756,32160,32160
20260818,31920,77154727,B-548B4346,Blue,False,70051,40,1787057790,1787057883,32280,32280
20260818,31920,77154727,B-548B4346,Blue,False,70049,50,1787057921,1787058021,32400,32400
20260818,32100,77154502,B-548B406D,Blue,True,70038,1,1787057755,1787057838,32100,32100
20260818,32100,77154502,B-548B406D,Blue,True,70040,10,1787057884,1787057900,32160,32160
20260818,32100,77154502,B-548B406D,Blue,True,70042,20,1787057951,1787057984,32220,32220
20260818,32160,77154733,B-548B434C,Blue,False,70059,1,1787057284,1787057668,32160,32160
20260818,32160,77154733,B-548B434C,Blue,False,70057,10,1787057768,1787057802,32220,32220
20260818,32160,77154733,B-548B434C,Blue,False,70055,20,1787057838,1787057905,32340,32340
20260818,32160,77154733,B-548B434C,Blue,False,70053,30,1787057940,1787057985,32400,32400
20260818,32460,77154731,B-548B434D,Blue,False,70059,1,1787057522,1787057857,32460,32460
20260818,32700,77154736,B-548B434F,Blue,False,70059,1,1787057950,1787058207,32700,32700
