trip_id,stop_sequence,stop_id,arrival_time,departure_time
77154431,1,70059,06:51:00,06:51:00
77154431,10,70057,06:52:00,06:52:00
77154431,20,70055,06:54:00,06:54:00
77154431,30,70053,06:55:00,06:55:00
77154431,40,70051,06:57:00,06:57:00
77154431,50,70049,06:59:00,06:59:00
77154431,60,70047,07:01:00,07:01:00
77154431,70,70045,07:03:00,07:03:00
77154431,80,70043,07:06:00,07:06:00
77154431,90,70041,07:07:00,07:07:00
77154431,100,70039,07:09:00,07:09:00
77154431,110,70838,07:11:00,07:11:00
77154432,1,70038,07:16:00,07:16:00
77154432,10,70040,07:17:00,07:17:00
77154432,20,70042,07:18:00,07:18:00
77154432,30,70044,07:19:00,07:19:00
77154432,40,70046,07:22:00,07:22:00
77154432,50,70048,07:24:00,07:24:00
77154432,60,70050,07:26:00,07:26:00
77154432,70,70052,07:28:00,07:28:00
77154432,80,70054,07:29:00,07:29:00
77154432,90,70056,07:31:00,07:31:00
77154432,100,70058,07:33:00,07:33:00
77154432,110,70060,07:35:00,07:35:00
77154433,1,70059,07:43:00,07:43:00
77154433,10,70057,07:44:00,07:44:00
77154433,20,70055,07:46:00,07:46:00
77154433,30,70053,07:47:00,07:47:00
77154433,40,70051,07:49:00,07:49:00
77154433,50,70049,07:51:00,07:51:00
77154433,60,70047,07:53:00,07:53:00
77154433,70,70045,07:55:00,07:55:00
77154433,80,70043,07:58:00,07:58:00
77154433,90,70041,07:59:00,07:59:00
77154433,100,70039,08:01:00,08:01:00
77154433,110,70838,08:03:00,08:03:00
77154434,1,70038,08:08:00,08:08:00
77154434,10,70040,08:09:00,08:09:00
77154434,20,70042,08:10:00,08:10:00
77154434,30,70044,08:11:00,08:11:00
77154434,40,70046,08:14:00,08:14:00
77154434,50,70048,08:16:00,08:16:00
77154434,60,70050,08:18:00,08:18:00
77154434,70,70052,08:20:00,08:20:00
77154434,80,70054,08:21:00,08:21:00
77154434,90,70056,08:23:00,08:23:00
77154434,100,70058,08:25:00,08:25:00
77154434,110,70060,08:27:00,08:27:00
77154435,1,70059,08:35:00,08:35:00
77154435,10,70057,08:36:00,08:36:00
77154435,20,70055,08:38:00,08:38:00
77154435,30,70053,08:39:00,08:39:00
77154435,40,70051,08:41:00,08:41:00
77154435,50,70049,08:43:00,08:43:00
77154435,60,70047,08:45:00,08:45:00
77154435,70,70045,08:47:00,08:47:00
77154435,80,70043,08:50:00,08:50:00
77154435,90,70041,08:51:00,08:51:00
77154435,100,70039,08:53:00,08:53:00
77154435,110,70838,08:55:00,08:55:00
77154439,1,70059,06:55:00,06:55:00
77154439,10,70057,06:56:00,06:56:00
77154439,20,70055,06:58:00,06:58:00
77154439,30,70053,06:59:00,06:59:00
77154439,40,70051,07:01:00,07:01:00
77154439,50,70049,07:03:00,07:03:00
77154439,60,70047,07:05:00,07:05:00
77154439,70,70045,07:07:00,07:07:00
77154439,80,70043,07:10:00,07:10:00
77154439,90,70041,07:11:00,07:11:00
77154439,100,70039,07:13:00,07:13:00
77154439,110,70838,07:15:00,07:15:00
77154440,1,70038,07:20:00,07:20:00
77154440,10,70040,07:21:00,07:21:00
77154440,20,70042,07:22:00,07:22:00
77154440,30,70044,07:23:00,07:23:00
77154440,40,70046,07:26:00,07:26:00
77154440,50,70048,07:28:00,07:28:00
77154440,60,70050,07:30:00,07:30:00
77154440,70,70052,07:32:00,07:32:00
77154440,80,70054,07:33:00,07:33:00
77154440,90,70056,07:35:00,07:35:00
77154440,100,70058,07:37:00,07:37:00
77154440,110,70060,07:39:00,07:39:00
77154441,1,70059,07:47:00,07:47:00
77154441,10,70057,07:48:00,07:48:00
77154441,20,70055,07:50:00,07:50:00
77154441,30,70053,07:51:00,07:51:00
77154441,40,70051,07:53:00,07:53:00
77154441,50,70049,07:55:00,07:55:00
77154441,60,70047,07:57:00,07:57:00
77154441,70,70045,07:59:00,07:59:00
77154441,80,70043,08:02:00,08:02:00
77154441,90,70041,08:03:00,08:03:00
77154441,100,70039,08:05:00,08:05:00
77154441,110,70838,08:07:00,08:07:00
77154442,1,70038,08:12:00,08:12:00
77154442,10,70040,08:13:00,08:13:00
77154442,20,70042,08:14:00,08:14:00
77154442,30,70044,08:15:00,08:15:00
77154442,40,70046,08:18:00,08:18:00
77154442,50,70048,08:20:00,08:20:00
77154442,60,70050,08:22:00,08:22:00
77154442,70,70052,08:24:00,08:24:00
77154442,80,70054,08:25:00,08:25:00
77154442,90,70056,08:27:00,08:27:00
77154442,100,70058,08:29:00,08:29:00
77154442,110,70060,08:31:00,08:31:00
77154445,1,70059,06:59:00,06:59:00
77154445,10,70057,07:00:00,07:00:00
77154445,20,70055,07:02:00,07:02:00
77154445,30,70053,07:03:00,07:03:00
77154445,40,70051,07:05:00,07:05:00
77154445,50,70049,07:07:00,07:07:00
77154445,60,70047,07:09:00,07:09:00
77154445,70,70045,07:11:00,07:11:00
77154445,80,70043,07:14:00,07:14:00
77154445,90,70041,07:15:00,07:15:00
77154445,100,70039,07:17:00,07:17:00
77154445,110,70838,07:19:00,07:19:00
77154446,1,70038,07:24:00,07:24:00
77154446,10,70040,07:25:00,07:25:00
77154446,20,70042,07:26:00,07:26:00
77154446,30,70044,07:27:00,07:27:00
77154446,40,70046,07:30:00,07:30:00
77154446,50,70048,07:32:00,07:32:00
77154446,60,70050,07:34:00,07:34:00
77154446,70,70052,07:36:00,07:36:00
77154446,80,70054,07:37:00,07:37:00
77154446,90,70056,07:39:00,07:39:00
77154446,100,70058,07:41:00,07:41:00
77154446,110,70060,07:43:00,07:43:00
77154447,1,70059,07:51:00,07:51:00
77154447,10,70057,07:52:00,07:52:00
77154447,20,70055,07:54:00,07:54:00
77154447,30,70053,07:55:00,07:55:00
77154447,40,70051,07:57:00,07:57:00
77154447,50,70049,07:59:00,07:59:00
77154447,60,70047,08:01:00,08:01:00
77154447,70,70045,08:03:00,08:03:00
77154447,80,70043,08:06:00,08:06:00
77154447,90,70041,08:07:00,08:07:00
77154447,100,70039,08:09:00,08:09:00
77154447,110,70838,08:11:00,08:11:00
77154448,1,70038,08:16:00,08:16:00
77154448,10,70040,08:17:00,08:17:00
77154448,20,70042,08:18:00,08:18:00
77154448,30,70044,08:19:00,08:19:00
77154448,40,70046,08:22:00,08:22:00
77154448,50,70048,08:24:00,08:24:00
77154448,60,70050,08:26:00,08:26:00
77154448,70,70052,08:28:00,08:28:00
77154448,80,70054,08:29:00,08:29:00
77154448,90,70056,08:31:00,08:31:00
77154448,100,70058,08:33:00,08:33:00
77154448,110,70060,08:35:00,08:35:00
77154451,1,70059,07:04:00,07:04:00
77154451,10,70057,07:05:00,07:05:00
77154451,20,70055,07:07:00,07:07:00
77154451,30,70053,07:08:00,07:08:00
77154451,40,70051,07:10:00,07:10:00
77154451,50,70049,07:12:00,07:12:00
77154451,60,70047,07:14:00,07:14:00
77154451,70,70045,07:16:00,07:16:00
77154451,80,70043,07:19:00,07:19:00
77154451,90,70041,07:20:00,07:20:00
77154451,100,70039,07:22:00,07:22:00
77154451,110,70838,07:24:00,07:24:00
77154452,1,70038,07:29:00,07:29:00
77154452,10,70040,07:30:00,07:30:00
77154452,20,70042,07:31:00,07:31:00
77154452,30,70044,07:32:00,07:32:00
77154452,40,70046,07:35:00,07:35:00
77154452,50,70048,07:37:00,07:37:00
77154452,60,70050,07:39:00,07:39:00
77154452,70,70052,07:41:00,07:41:00
77154452,80,70054,07:42:00,07:42:00
77154452,90,70056,07:44:00,07:44:00
77154452,100,70058,07:46:00,07:46:00
77154452,110,70060,07:48:00,07:48:00
77154453,1,70059,07:56:00,07:56:00
77154453,10,70057,07:57:00,07:57:00
77154453,20,70055,07:59:00,07:59:00
77154453,30,70053,08:00:00,08:00:00
77154453,40,70051,08:02:00,08:02:00
77154453,50,70049,08:04:00,08:04:00
77154453,60,70047,08:06:00,08:06:00
77154453,70,70045,08:08:00,08:08:00
77154453,80,70043,08:11:00,08:11:00
77154453,90,70041,08:12:00,08:12:00
77154453,100,70039,08:14:00,08:14:00
77154453,110,70838,08:16:00,08:16:00
77154454,1,70038,08:21:00,08:21:00
77154454,10,70040,08:22:00,08:22:00
77154454,20,70042,08:23:00,08:23:00
77154454,30,70044,08:24:00,08:24:00
77154454,40,70046,08:27:00,08:27:00
77154454,50,70048,08:29:00,08:29:00
77154454,60,70050,08:31:00,08:31:00
77154454,70,70052,08:33:00,08:33:00
77154454,80,70054,08:34:00,08:34:00
77154454,90,70056,08:36:00,08:36:00
77154454,100,70058,08:38:00,08:38:00
77154454,110,70060,08:40:00,08:40:00
77154456,1,70038,06:41:00,06:41:00
77154456,10,70040,06:42:00,06:42:00
77154456,20,70042,06:43:00,06:43:00
77154456,30,70044,06:44:00,06:44:00
77154456,40,70046,06:47:00,06:47:00
77154456,50,70048,06:49:00,06:49:00
77154456,60,70050,06:51:00,06:51:00
77154456,70,70052,06:53:00,06:53:00
77154456,80,70054,06:54:00,06:54:00
77154456,90,70056,06:56:00,06:56:00
77154456,100,70058,06:58:00,06:58:00
77154456,110,70060,07:00:00,07:00:00
77154457,1,70059,07:08:00,07:08:00
77154457,10,70057,07:09:00,07:09:00
77154457,20,70055,07:11:00,07:11:00
77154457,30,70053,07:12:00,07:12:00
77154457,40,70051,07:14:00,07:14:00
77154457,50,70049,07:16:00,07:16:00
77154457,60,70047,07:18:00,07:18:00
77154457,70,70045,07:20:00,07:20:00
77154457,80,70043,07:23:00,07:23:00
77154457,90,70041,07:24:00,07:24:00
77154457,100,70039,07:26:00,07:26:00
77154457,110,70838,07:28:00,07:28:00
77154458,1,70038,07:33:00,07:33:00
77154458,10,70040,07:34:00,07:34:00
77154458,20,70042,07:35:00,07:35:00
77154458,30,70044,07:36:00,07:36:00
77154458,40,70046,07:39:00,07:39:00
77154458,50,70048,07:41:00,07:41:00
77154458,60,70050,07:43:00,07:43:00
77154458,70,70052,07:45:00,07:45:00
77154458,80,70054,07:46:00,07:46:00
77154458,90,70056,07:48:00,07:48:00
77154458,100,70058,07:50:00,07:50:00
77154458,110,70060,07:52:00,07:52:00
77154459,1,70059,08:00:00,08:00:00
77154459,10,70057,08:01:00,08:01:00
77154459,20,70055,08:03:00,08:03:00
77154459,30,70053,08:04:00,08:04:00
77154459,40,70051,08:06:00,08:06:00
77154459,50,70049,08:08:00,08:08:00
77154459,60,70047,08:10:00,08:10:00
77154459,70,70045,08:12:00,08:12:00
77154459,80,70043,08:15:00,08:15:00
77154459,90,70041,08:16:00,08:16:00
77154459,100,70039,08:18:00,08:18:00
77154459,110,70838,08:20:00,08:20:00
77154460,1,70038,08:25:00,08:25:00
77154460,10,70040,08:26:00,08:26:00
77154460,20,70042,08:27:00,08:27:00
77154460,30,70044,08:28:00,08:28:00
77154460,40,70046,08:31:00,08:31:00
77154460,50,70048,08:33:00,08:33:00
77154460,60,70050,08:35:00,08:35:00
77154460,70,70052,08:37:00,08:37:00
77154460,80,70054,08:38:00,08:38:00
77154460,90,70056,08:40:00,08:40:00
77154460,100,70058,08:42:00,08:42:00
77154460,110,70060,08:44:00,08:44:00
77154462,1,70059,08:04:00,08:04:00
77154462,10,70057,08:05:00,08:05:00
77154462,20,70055,08:07:00,08:07:00
77154462,30,70053,08:08:00,08:08:00
77154462,40,70051,08:10:00,08:10:00
77154462,50,70049,08:12:00,08:12:00
77154462,60,70047,08:14:00,08:14:00
77154462,70,70045,08:16:00,08:16:00
77154462,80,70043,08:19:00,08:19:00
77154462,90,70041,08:20:00,08:20:00
77154462,100,70039,08:22:00,08:22:00
77154462,110,70838,08:24:00,08:24:00
77154463,1,70038,06:45:00,06:45:00
77154463,10,70040,06:46:00,06:46:00
77154463,20,70042,06:47:00,06:47:00
77154463,30,70044,06:48:00,06:48:00
77154463,40,70046,06:51:00,06:51:00
77154463,50,70048,06:53:00,06:53:00
77154463,60,70050,06:55:00,06:55:00
77154463,70,70052,06:57:00,06:57:00
77154463,80,70054,06:58:00,06:58:00
77154463,90,70056,07:00:00,07:00:00
77154463,100,70058,07:02:00,07:02:00
77154463,110,70060,07:04:00,07:04:00
77154464,1,70059,07:12:00,07:12:00
77154464,10,70057,07:13:00,07:13:00
77154464,20,70055,07:15:00,07:15:00
77154464,30,70053,07:16:00,07:16:00
77154464,40,70051,07:18:00,07:18:00
77154464,50,70049,07:20:00,07:20:00
77154464,60,70047,07:22:00,07:22:00
77154464,70,70045,07:24:00,07:24:00
77154464,80,70043,07:27:00,07:27:00
77154464,90,70041,07:28:00,07:28:00
77154464,100,70039,07:30:00,07:30:00
77154464,110,70838,07:32:00,07:32:00
77154465,1,70038,07:37:00,07:37:00
77154465,10,70040,07:38:00,07:38:00
77154465,20,70042,07:39:00,07:39:00
77154465,30,70044,07:40:00,07:40:00
77154465,40,70046,07:43:00,07:43:00
77154465,50,70048,07:45:00,07:45:00
77154465,60,70050,07:47:00,07:47:00
77154465,70,70052,07:49:00,07:49:00
77154465,80,70054,07:50:00,07:50:00
77154465,90,70056,07:52:00,07:52:00
77154465,100,70058,07:54:00,07:54:00
77154465,110,70060,07:56:00,07:56:00
77154466,1,70038,08:29:00,08:29:00
77154466,10,70040,08:30:00,08:30:00
77154466,20,70042,08:31:00,08:31:00
77154466,30,70044,08:32:00,08:32:00
77154466,40,70046,08:35:00,08:35:00
77154466,50,70048,08:37:00,08:37:00
77154466,60,70050,08:39:00,08:39:00
77154466,70,70052,08:41:00,08:41:00
77154466,80,70054,08:42:00,08:42:00
77154466,90,70056,08:44:00,08:44:00
77154466,100,70058,08:46:00,08:46:00
77154466,110,70060,08:48:00,08:48:00
77154468,1,70038,06:50:00,06:50:00
77154468,10,70040,06:51:00,06:51:00
77154468,20,70042,06:52:00,06:52:00
77154468,30,70044,06:53:00,06:53:00
77154468,40,70046,06:56:00,06:56:00
77154468,50,70048,06:58:00,06:58:00
77154468,60,70050,07:00:00,07:00:00
77154468,70,70052,07:02:00,07:02:00
77154468,80,70054,07:03:00,07:03:00
77154468,90,70056,07:05:00,07:05:00
77154468,100,70058,07:07:00,07:07:00
77154468,110,70060,07:09:00,07:09:00
77154469,1,70038,08:34:00,08:34:00
77154469,10,70040,08:35:00,08:35:00
77154469,20,70042,08:36:00,08:36:00
77154469,30,70044,08:37:00,08:37:00
77154469,40,70046,08:40:00,08:40:00
77154469,50,70048,08:42:00,08:42:00
77154469,60,70050,08:44:00,08:44:00
77154469,70,70052,08:46:00,08:46:00
77154469,80,70054,08:47:00,08:47:00
77154469,90,70056,08:49:00,08:49:00
77154469,100,70058,08:51:00,08:51:00
77154469,110,70060,08:53:00,08:53:00
77154470,1,70059,07:17:00,07:17:00
77154470,10,70057,07:18:00,07:18:00
77154470,20,70055,07:20:00,07:20:00
77154470,30,70053,07:21:00,07:21:00
77154470,40,70051,07:23:00,07:23:00
77154470,50,70049,07:25:00,07:25:00
77154470,60,70047,07:27:00,07:27:00
77154470,70,70045,07:29:00,07:29:00
77154470,80,70043,07:32:00,07:32:00
77154470,90,70041,07:33:00,07:33:00
77154470,100,70039,07:35:00,07:35:00
77154470,110,70838,07:37:00,07:37:00
77154471,1,70038,07:42:00,07:42:00
77154471,10,70040,07:43:00,07:43:00
77154471,20,70042,07:44:00,07:44:00
77154471,30,70044,07:45:00,07:45:00
77154471,40,70046,07:48:00,07:48:00
77154471,50,70048,07:50:00,07:50:00
77154471,60,70050,07:52:00,07:52:00
77154471,70,70052,07:54:00,07:54:00
77154471,80,70054,07:55:00,07:55:00
77154471,90,70056,07:57:00,07:57:00
77154471,100,70058,07:59:00,07:59:00
77154471,110,70060,08:01:00,08:01:00
77154472,1,70059,08:09:00,08:09:00
77154472,10,70057,08:10:00,08:10:00
77154472,20,70055,08:12:00,08:12:00
77154472,30,70053,08:13:00,08:13:00
77154472,40,70051,08:15:00,08:15:00
77154472,50,70049,08:17:00,08:17:00
77154472,60,70047,08:19:00,08:19:00
77154472,70,70045,08:21:00,08:21:00
77154472,80,70043,08:24:00,08:24:00
77154472,90,70041,08:25:00,08:25:00
77154472,100,70039,08:27:00,08:27:00
77154472,110,70838,08:29:00,08:29:00
77154474,1,70038,06:54:00,06:54:00
77154474,10,70040,06:55:00,06:55:00
77154474,20,70042,06:56:00,06:56:00
77154474,30,70044,06:57:00,06:57:00
77154474,40,70046,07:00:00,07:00:00
77154474,50,70048,07:02:00,07:02:00
77154474,60,70050,07:04:00,07:04:00
77154474,70,70052,07:06:00,07:06:00
77154474,80,70054,07:07:00,07:07:00
77154474,90,70056,07:09:00,07:09:00
77154474,100,70058,07:11:00,07:11:00
77154474,110,70060,07:13:00,07:13:00
77154475,1,70038,08:38:00,08:38:00
77154475,10,70040,08:39:00,08:39:00
77154475,20,70042,08:40:00,08:40:00
77154475,30,70044,08:41:00,08:41:00
77154475,40,70046,08:44:00,08:44:00
77154475,50,70048,08:46:00,08:46:00
77154475,60,70050,08:48:00,08:48:00
77154475,70,70052,08:50:00,08:50:00
77154475,80,70054,08:51:00,08:51:00
77154475,90,70056,08:53:00,08:53:00
77154475,100,70058,08:55:00,08:55:00
77154475,110,70060,08:57:00,08:57:00
77154476,1,70059,07:21:00,07:21:00
77154476,10,70057,07:22:00,07:22:00
77154476,20,70055,07:24:00,07:24:00
77154476,30,70053,07:25:00,07:25:00
77154476,40,70051,07:27:00,07:27:00
77154476,50,70049,07:29:00,07:29:00
77154476,60,70047,07:31:00,07:31:00
77154476,70,70045,07:33:00,07:33:00
77154476,80,70043,07:36:00,07:36:00
77154476,90,70041,07:37:00,07:37:00
77154476,100,70039,07:39:00,07:39:00
77154476,110,70838,07:41:00,07:41:00
77154477,1,70038,07:46:00,07:46:00
77154477,10,70040,07:47:00,07:47:00
77154477,20,70042,07:48:00,07:48:00
77154477,30,70044,07:49:00,07:49:00
77154477,40,70046,07:52:00,07:52:00
77154477,50,70048,07:54:00,07:54:00
77154477,60,70050,07:56:00,07:56:00
77154477,70,70052,07:58:00,07:58:00
77154477,80,70054,07:59:00,07:59:00
77154477,90,70056,08:01:00,08:01:00
77154477,100,70058,08:03:00,08:03:00
77154477,110,70060,08:05:00,08:05:00
77154478,1,70059,08:13:00,08:13:00
77154478,10,70057,08:14:00,08:14:00
77154478,20,70055,08:16:00,08:16:00
77154478,30,70053,08:17:00,08:17:00
77154478,40,70051,08:19:00,08:19:00
77154478,50,70049,08:21:00,08:21:00
77154478,60,70047,08:23:00,08:23:00
77154478,70,70045,08:25:00,08:25:00
77154478,80,70043,08:28:00,08:28:00
77154478,90,70041,08:29:00,08:29:00
77154478,100,70039,08:31:00,08:31:00
77154478,110,70838,08:33:00,08:33:00
77154479,1,70059,07:25:00,07:25:00
77154479,10,70057,07:26:00,07:26:00
77154479,20,70055,07:28:00,07:28:00
77154479,30,70053,07:29:00,07:29:00
77154479,40,70051,07:31:00,07:31:00
77154479,50,70049,07:33:00,07:33:00
77154479,60,70047,07:35:00,07:35:00
77154479,70,70045,07:37:00,07:37:00
77154479,80,70043,07:40:00,07:40:00
77154479,90,70041,07:41:00,07:41:00
77154479,100,70039,07:43:00,07:43:00
77154479,110,70838,07:45:00,07:45:00
77154480,1,70038,07:50:00,07:50:00
77154480,10,70040,07:51:00,07:51:00
77154480,20,70042,07:52:00,07:52:00
77154480,30,70044,07:53:00,07:53:00
77154480,40,70046,07:56:00,07:56:00
77154480,50,70048,07:58:00,07:58:00
77154480,60,70050,08:00:00,08:00:00
77154480,70,70052,08:02:00,08:02:00
77154480,80,70054,08:03:00,08:03:00
77154480,90,70056,08:05:00,08:05:00
77154480,100,70058,08:07:00,08:07:00
77154480,110,70060,08:09:00,08:09:00
77154482,1,70038,06:58:00,06:58:00
77154482,10,70040,06:59:00,06:59:00
77154482,20,70042,07:00:00,07:00:00
77154482,30,70044,07:01:00,07:01:00
77154482,40,70046,07:04:00,07:04:00
77154482,50,70048,07:06:00,07:06:00
77154482,60,70050,07:08:00,07:08:00
77154482,70,70052,07:10:00,07:10:00
77154482,80,70054,07:11:00,07:11:00
77154482,90,70056,07:13:00,07:13:00
77154482,100,70058,07:15:00,07:15:00
77154482,110,70060,07:17:00,07:17:00
77154483,1,70059,08:17:00,08:17:00
77154483,10,70057,08:18:00,08:18:00
77154483,20,70055,08:20:00,08:20:00
77154483,30,70053,08:21:00,08:21:00
77154483,40,70051,08:23:00,08:23:00
77154483,50,70049,08:25:00,08:25:00
77154483,60,70047,08:27:00,08:27:00
77154483,70,70045,08:29:00,08:29:00
77154483,80,70043,08:32:00,08:32:00
77154483,90,70041,08:33:00,08:33:00
77154483,100,70039,08:35:00,08:35:00
77154483,110,70838,08:37:00,08:37:00
77154484,1,70038,08:42:00,08:42:00
77154484,10,70040,08:43:00,08:43:00
77154484,20,70042,08:44:00,08:44:00
77154484,30,70044,08:45:00,08:45:00
77154484,40,70046,08:48:00,08:48:00
77154484,50,70048,08:50:00,08:50:00
77154484,60,70050,08:52:00,08:52:00
77154484,70,70052,08:54:00,08:54:00
77154484,80,70054,08:55:00,08:55:00
77154484,90,70056,08:57:00,08:57:00
77154484,100,70058,08:59:00,08:59:00
77154484,110,70060,09:01:00,09:01:00
77154486,1,70038,07:03:00,07:03:00
77154486,10,70040,07:04:00,07:04:00
77154486,20,70042,07:05:00,07:05:00
77154486,30,70044,07:06:00,07:06:00
77154486,40,70046,07:09:00,07:09:00
77154486,50,70048,07:11:00,07:11:00
77154486,60,70050,07:13:00,07:13:00
77154486,70,70052,07:15:00,07:15:00
77154486,80,70054,07:16:00,07:16:00
77154486,90,70056,07:18:00,07:18:00
77154486,100,70058,07:20:00,07:20:00
77154486,110,70060,07:22:00,07:22:00
77154487,1,70059,07:30:00,07:30:00
77154487,10,70057,07:31:00,07:31:00
77154487,20,70055,07:33:00,07:33:00
77154487,30,70053,07:34:00,07:34:00
77154487,40,70051,07:36:00,07:36:00
77154487,50,70049,07:38:00,07:38:00
77154487,60,70047,07:40:00,07:40:00
77154487,70,70045,07:42:00,07:42:00
77154487,80,70043,07:45:00,07:45:00
77154487,90,70041,07:46:00,07:46:00
77154487,100,70039,07:48:00,07:48:00
77154487,110,70838,07:50:00,07:50:00
77154488,1,70038,07:55:00,07:55:00
77154488,10,70040,07:56:00,07:56:00
77154488,20,70042,07:57:00,07:57:00
77154488,30,70044,07:58:00,07:58:00
77154488,40,70046,08:01:00,08:01:00
77154488,50,70048,08:03:00,08:03:00
77154488,60,70050,08:05:00,08:05:00
77154488,70,70052,08:07:00,08:07:00
77154488,80,70054,08:08:00,08:08:00
77154488,90,70056,08:10:00,08:10:00
77154488,100,70058,08:12:00,08:12:00
77154488,110,70060,08:14:00,08:14:00
77154489,1,70059,08:22:00,08:22:00
77154489,10,70057,08:23:00,08:23:00
77154489,20,70055,08:25:00,08:25:00
77154489,30,70053,08:26:00,08:26:00
77154489,40,70051,08:28:00,08:28:00
77154489,50,70049,08:30:00,08:30:00
77154489,60,70047,08:32:00,08:32:00
77154489,70,70045,08:34:00,08:34:00
77154489,80,70043,08:37:00,08:37:00
77154489,90,70041,08:38:00,08:38:00
77154489,100,70039,08:40:00,08:40:00
77154489,110,70838,08:42:00,08:42:00
77154490,1,70059,06:42:00,06:42:00
77154490,10,70057,06:43:00,06:43:00
77154490,20,70055,06:45:00,06:45:00
77154490,30,70053,06:46:00,06:46:00
77154490,40,70051,06:48:00,06:48:00
77154490,50,70049,06:50:00,06:50:00
77154490,60,70047,06:52:00,06:52:00
77154490,70,70045,06:54:00,06:54:00
77154490,80,70043,06:57:00,06:57:00
77154490,90,70041,06:58:00,06:58:00
77154490,100,70039,07:00:00,07:00:00
77154490,110,70838,07:02:00,07:02:00
77154491,1,70038,07:07:00,07:07:00
77154491,10,70040,07:08:00,07:08:00
77154491,20,70042,07:09:00,07:09:00
77154491,30,70044,07:10:00,07:10:00
77154491,40,70046,07:13:00,07:13:00
77154491,50,70048,07:15:00,07:15:00
77154491,60,70050,07:17:00,07:17:00
77154491,70,70052,07:19:00,07:19:00
77154491,80,70054,07:20:00,07:20:00
77154491,90,70056,07:22:00,07:22:00
77154491,100,70058,07:24:00,07:24:00
77154491,110,70060,07:26:00,07:26:00
77154492,1,70059,07:34:00,07:34:00
77154492,10,70057,07:35:00,07:35:00
77154492,20,70055,07:37:00,07:37:00
77154492,30,70053,07:38:00,07:38:00
77154492,40,70051,07:40:00,07:40:00
77154492,50,70049,07:42:00,07:42:00
77154492,60,70047,07:44:00,07:44:00
77154492,70,70045,07:46:00,07:46:00
77154492,80,70043,07:49:00,07:49:00
77154492,90,70041,07:50:00,07:50:00
77154492,100,70039,07:52:00,07:52:00
77154492,110,70838,07:54:00,07:54:00
77154493,1,70038,07:59:00,07:59:00
77154493,10,70040,08:00:00,08:00:00
77154493,20,70042,08:01:00,08:01:00
77154493,30,70044,08:02:00,08:02:00
77154493,40,70046,08:05:00,08:05:00
77154493,50,70048,08:07:00,08:07:00
77154493,60,70050,08:09:00,08:09:00
77154493,70,70052,08:11:00,08:11:00
77154493,80,70054,08:12:00,08:12:00
77154493,90,70056,08:14:00,08:14:00
77154493,100,70058,08:16:00,08:16:00
77154493,110,70060,08:18:00,08:18:00
77154494,1,70059,08:26:00,08:26:00
77154494,10,70057,08:27:00,08:27:00
77154494,20,70055,08:29:00,08:29:00
77154494,30,70053,08:30:00,08:30:00
77154494,40,70051,08:32:00,08:32:00
77154494,50,70049,08:34:00,08:34:00
77154494,60,70047,08:36:00,08:36:00
77154494,70,70045,08:38:00,08:38:00
77154494,80,70043,08:41:00,08:41:00
77154494,90,70041,08:42:00,08:42:00
77154494,100,70039,08:44:00,08:44:00
77154494,110,70838,08:46:00,08:46:00
77154495,1,70038,08:51:00,08:51:00
77154495,10,70040,08:52:00,08:52:00
77154495,20,70042,08:53:00,08:53:00
77154495,30,70044,08:54:00,08:54:00
77154495,40,70046,08:57:00,08:57:00
77154495,50,70048,08:59:00,08:59:00
77154495,60,70050,09:01:00,09:01:00
77154495,70,70052,09:03:00,09:03:00
77154495,80,70054,09:04:00,09:04:00
77154495,90,70056,09:06:00,09:06:00
77154495,100,70058,09:08:00,09:08:00
77154495,110,70060,09:10:00,09:10:00
77154496,1,70059,06:46:00,06:46:00
77154496,10,70057,06:47:00,06:47:00
77154496,20,70055,06:49:00,06:49:00
77154496,30,70053,06:50:00,06:50:00
77154496,40,70051,06:52:00,06:52:00
77154496,50,70049,06:54:00,06:54:00
77154496,60,70047,06:56:00,06:56:00
77154496,70,70045,06:58:00,06:58:00
77154496,80,70043,07:01:00,07:01:00
77154496,90,70041,07:02:00,07:02:00
77154496,100,70039,07:04:00,07:04:00
77154496,110,70838,07:06:00,07:06:00
77154497,1,70038,07:11:00,07:11:00
77154497,10,70040,07:12:00,07:12:00
77154497,20,70042,07:13:00,07:13:00
77154497,30,70044,07:14:00,07:14:00
77154497,40,70046,07:17:00,07:17:00
77154497,50,70048,07:19:00,07:19:00
77154497,60,70050,07:21:00,07:21:00
77154497,70,70052,07:23:00,07:23:00
77154497,80,70054,07:24:00,07:24:00
77154497,90,70056,07:26:00,07:26:00
77154497,100,70058,07:28:00,07:28:00
77154497,110,70060,07:30:00,07:30:00
77154498,1,70059,07:38:00,07:38:00
77154498,10,70057,07:39:00,07:39:00
77154498,20,70055,07:41:00,07:41:00
77154498,30,70053,07:42:00,07:42:00
77154498,40,70051,07:44:00,07:44:00
77154498,50,70049,07:46:00,07:46:00
77154498,60,70047,07:48:00,07:48:00
77154498,70,70045,07:50:00,07:50:00
77154498,80,70043,07:53:00,07:53:00
77154498,90,70041,07:54:00,07:54:00
77154498,100,70039,07:56:00,07:56:00
77154498,110,70838,07:58:00,07:58:00
77154500,1,70038,08:03:00,08:03:00
77154500,10,70040,08:04:00,08:04:00
77154500,20,70042,08:05:00,08:05:00
77154500,30,70044,08:06:00,08:06:00
77154500,40,70046,08:09:00,08:09:00
77154500,50,70048,08:11:00,08:11:00
77154500,60,70050,08:13:00,08:13:00
77154500,70,70052,08:15:00,08:15:00
77154500,80,70054,08:16:00,08:16:00
77154500,90,70056,08:18:00,08:18:00
77154500,100,70058,08:20:00,08:20:00
77154500,110,70060,08:22:00,08:22:00
77154501,1,70059,08:30:00,08:30:00
77154501,10,70057,08:31:00,08:31:00
77154501,20,70055,08:33:00,08:33:00
77154501,30,70053,08:34:00,08:34:00
77154501,40,70051,08:36:00,08:36:00
77154501,50,70049,08:38:00,08:38:00
77154501,60,70047,08:40:00,08:40:00
77154501,70,70045,08:42:00,08:42:00
77154501,80,70043,08:45:00,08:45:00
77154501,90,70041,08:46:00,08:46:00
77154501,100,70039,08:48:00,08:48:00
77154501,110,70838,08:50:00,08:50:00
77154502,1,70038,08:55:00,08:55:00
77154502,10,70040,08:56:00,08:56:00
77154502,20,70042,08:57:00,08:57:00
77154502,30,70044,08:58:00,08:58:00
77154502,40,70046,09:01:00,09:01:00
77154502,50,70048,09:03:00,09:03:00
77154502,60,70050,09:05:00,09:05:00
77154502,70,70052,09:07:00,09:07:00
77154502,80,70054,09:08:00,09:08:00
77154502,90,70056,09:10:00,09:10:00
77154502,100,70058,09:12:00,09:12:00
77154502,110,70060,09:14:00,09:14:00
77154724,1,70059,08:39:00,08:39:00
77154724,10,70057,08:40:00,08:40:00
77154724,20,70055,08:42:00,08:42:00
77154724,30,70053,08:43:00,08:43:00
77154724,40,70051,08:45:00,08:45:00
77154724,50,70049,08:47:00,08:47:00
77154724,60,70047,08:49:00,08:49:00
77154724,70,70045,08:51:00,08:51:00
77154724,80,70043,08:54:00,08:54:00
77154724,90,70041,08:55:00,08:55:00
77154724,100,70039,08:57:00,08:57:00
77154724,110,70838,08:59:00,08:59:00
77154726,1,70059,08:43:00,08:43:00
77154726,10,70057,08:44:00,08:44:00
77154726,20,70055,08:46:00,08:46:00
77154726,30,70053,08:47:00,08:47:00
77154726,40,70051,08:49:00,08:49:00
77154726,50,70049,08:51:00,08:51:00
77154726,60,70047,08:53:00,08:53:00
77154726,70,70045,08:55:00,08:55:00
77154726,80,70043,08:58:00,08:58:00
77154726,90,70041,08:59:00,08:59:00
77154726,100,70039,09:01:00,09:01:00
77154726,110,70838,09:03:00,09:03:00
77154727,1,70059,08:52:00,08:52:00
77154727,10,70057,08:53:00,08:53:00
77154727,20,70055,08:55:00,08:55:00
77154727,30,70053,08:56:00,08:56:00
77154727,40,70051,08:58:00,08:58:00
77154727,50,70049,09:00:00,09:00:00
77154727,60,70047,09:02:00,09:02:00
77154727,70,70045,09:04:00,09:04:00
77154727,80,70043,09:07:00,09:07:00
77154727,90,70041,09:08:00,09:08:00
77154727,100,70039,09:10:00,09:10:00
77154727,110,70838,09:12:00,09:12:00
77154729,1,70059,08:48:00,08:48:00
77154729,10,70057,08:49:00,08:49:00
77154729,20,70055,08:51:00,08:51:00
77154729,30,70053,08:52:00,08:52:00
77154729,40,70051,08:54:00,08:54:00
77154729,50,70049,08:56:00,08:56:00
77154729,60,70047,08:58:00,08:58:00
77154729,70,70045,09:00:00,09:00:00
77154729,80,70043,09:03:00,09:03:00
77154729,90,70041,09:04:00,09:04:00
77154729,100,70039,09:06:00,09:06:00
77154729,110,70838,09:08:00,09:08:00
77154731,1,70059,09:01:00,09:01:00
77154731,10,70057,09:02:00,09:02:00
77154731,20,70055,09:04:00,09:04:00
77154731,30,70053,09:05:00,09:05:00
77154731,40,70051,09:07:00,09:07:00
77154731,50,70049,09:09:00,09:09:00
77154731,60,70047,09:11:00,09:11:00
77154731,70,70045,09:13:00,09:13:00
77154731,80,70043,09:16:00,09:16:00
77154731,90,70041,09:17:00,09:17:00
77154731,100,70039,09:19:00,09:19:00
77154731,110,70838,09:21:00,09:21:00
77154733,1,70059,08:56:00,08:56:00
77154733,10,70057,08:57:00,08:57:00
77154733,20,70055,08:59:00,08:59:00
77154733,30,70053,09:00:00,09:00:00
77154733,40,70051,09:02:00,09:02:00
77154733,50,70049,09:04:00,09:04:00
77154733,60,70047,09:06:00,09:06:00
77154733,70,70045,09:08:00,09:08:00
77154733,80,70043,09:11:00,09:11:00
77154733,90,70041,09:12:00,09:12:00
77154733,100,70039,09:14:00,09:14:00
77154733,110,70838,09:16:00,09:16:00
77154736,1,70059,09:05:00,09:05:00
77154736,10,70057,09:06:00,09:06:00
77154736,20,70055,09:08:00,09:08:00
77154736,30,70053,09:09:00,09:09:00
77154736,40,70051,09:11:00,09:11:00
77154736,50,70049,09:13:00,09:13:00
77154736,60,70047,09:15:00,09:15:00
77154736,70,70045,09:17:00,09:17:00
77154736,80,70043,09:20:00,09:20:00
77154736,90,70041,09:21:00,09:21:00
77154736,100,70039,09:23:00,09:23:00
77154736,110,70838,09:25:00,09:25:00
77154810,1,70038,08:47:00,08:47:00
77154810,10,70040,08:48:00,08:48:00
77154810,20,70042,08:49:00,08:49:00
77154810,30,70044,08:50:00,08:50:00
77154810,40,70046,08:53:00,08:53:00
77154810,50,70048,08:55:00,08:55:00
77154810,60,70050,08:57:00,08:57:00
77154810,70,70052,08:59:00,08:59:00
77154810,80,70054,09:00:00,09:00:00
77154810,90,70056,09:02:00,09:02:00
77154810,100,70058,09:04:00,09:04:00
77154810,110,70060,09:06:00,09:06:00
